1,0.07
2,0.07
3,0.07
4,0.15
5,0.21
6,0.24
7,0.26
8,0.28
9,0.29
10,0.29
11,0.29
12,0.29
13,0.28
14,0.28
15,0.27
16,0.26
17,0.26
18,0.24
19,0.24
20,0.23
21,0.23
22,0.23
23,0.2
24,0.2
25,0.19
26,0.19
27,0.19
28,0.19
29,0.17
30,0.17
31,0.17
32,0.15
33,0.15
34,0.15
35,0.15
36,0.13
37,0.13
38,0.13
39,0.13
40,0.11
41,0.11
42,0.11
43,0.11
44,0.11
45,0.09
46,0.09
47,0.09
48,0.09
49,0.09
50,0.07
51,0.07
52,0.07
53,0.07
54,0.07
55,0.07
56,0.05
57,0.05
58,0.05
59,0.05
60,0.05
61,0.05
62,0.05
63,0.05
64,0.04
65,0.04
66,0.04
67,0.04
68,0.04
69,0.04
70,0.04
71,0.03
72,0.03
73,0.03
74,0.03
75,0.03
76,0.03
77,0.03
78,0.03
79,0.01
80,0.01
81,0.01
82,0.01
83,0.01
84,0.01
85,0.01
86,0.01
87,0.01
88,0.01
89,0
90,0
91,0
92,0
93,0
94,0
95,0
96,0
97,0
98,0
99,-0.01
100,-0.01
101,-0.01
102,-0.01
103,-0.01
104,-0.01
105,-0.01
106,-0.01
107,-0.01
108,-0.01
109,-0.01
110,-0.01
111,-0.02
112,-0.02
113,-0.02
114,-0.02
115,-0.02
116,-0.02
117,-0.02
118,-0.02
119,-0.02
120,-0.02
121,-0.02
122,-0.02
123,-0.02
124,-0.02
125,-0.03
126,-0.03
127,-0.03
128,-0.03
129,-0.03
130,-0.03
131,-0.03
132,-0.03
133,-0.03
134,-0.03
135,-0.03
136,-0.03
137,-0.03
138,-0.03
139,-0.03
140,-0.03
141,-0.04
142,-0.04
143,-0.04
144,-0.04
145,-0.04
146,-0.04
147,-0.04
148,-0.04
149,-0.04
150,-0.04
151,-0.04
152,-0.04
153,-0.04
154,-0.04
155,-0.04
156,-0.04
157,-0.04
158,-0.04
159,-0.04
160,-0.04
161,-0.04
162,-0.04
163,-0.04
164,-0.04
165,-0.04
166,-0.04
167,-0.04
168,-0.04
169,-0.04
170,-0.04
171,-0.04
172,-0.04
173,-0.04
174,-0.04
175,-0.04
176,-0.04
177,-0.05
178,-0.05
179,-0.05
180,-0.05
181,-0.05
182,-0.05
183,-0.05
184,-0.05
185,-0.05
186,-0.05
187,-0.05
188,-0.05
189,-0.05
190,-0.05
191,-0.05
192,-0.05
193,-0.05
194,-0.05
195,-0.05
196,-0.05
197,-0.04
198,-0.04
199,-0.04
200,-0.04
201,-0.04
202,-0.04
203,-0.04
204,-0.04
205,-0.04
206,-0.04
207,-0.04
208,-0.04
209,-0.04
210,-0.04
211,-0.04
212,-0.04
213,-0.04
214,-0.04
215,-0.04
216,-0.04
217,-0.04
218,-0.04
219,-0.04
220,-0.04
221,-0.04
222,-0.04
223,-0.04
224,-0.04
225,-0.04
226,-0.04
227,-0.04
228,-0.04
229,-0.04
230,-0.04
231,-0.04
232,-0.04
233,-0.04
234,-0.04
235,-0.04
236,-0.04
237,-0.04
238,-0.04
239,-0.04
240,-0.04
241,-0.04
242,-0.04
243,-0.04
244,-0.04
245,-0.04
246,-0.04
247,-0.04
248,-0.04
249,-0.05
250,-0.05
251,-0.05
252,-0.05
253,-0.05
254,-0.05
255,-0.05
256,-0.05
257,-0.05
258,-0.05
259,-0.05
260,-0.05
261,-0.05
262,-0.05
263,-0.05
264,-0.05
265,-0.05
266,-0.05
267,-0.05
268,-0.05
269,-0.05
270,-0.05
271,-0.05
272,-0.05
273,-0.05
274,-0.05
275,-0.05
276,-0.05
277,-0.05
278,-0.05
279,-0.05
280,-0.05
281,-0.03
282,-0.03
283,-0.03
284,-0.03
285,-0.03
286,-0.03
287,-0.03
288,-0.03
289,-0.03
290,-0.03
291,-0.03
292,-0.03
293,-0.03
294,-0.03
295,-0.03
296,-0.03
297,-0.03
298,-0.03
299,-0.03
300,-0.03
301,-0.03
302,-0.03
303,-0.03
304,-0.03
305,-0.03
306,-0.03
307,-0.03
308,-0.03
309,-0.03
310,-0.03
311,-0.03
312,-0.03
313,-0.03
314,-0.03
315,-0.03
316,-0.02
317,-0.02
318,-0.02
319,-0.02
320,-0.02
321,-0.02
322,-0.02
323,-0.02
324,-0.02
325,-0.02
326,-0.02
327,-0.02
328,-0.02
329,-0.02
330,-0.02
331,-0.02
332,-0.02
333,-0.02
334,-0.02
335,-0.02
336,-0.02
337,-0.02
338,-0.02
339,-0.02
340,-0.02
341,-0.02
342,-0.02
343,-0.02
344,-0.02
345,-0.02
346,-0.02
347,-0.02
348,-0.02
349,-0.02
350,-0.02
351,-0.02
352,-0.02
353,0
354,0
355,0
356,0
357,0
358,0
359,0
360,0
361,0
362,0
363,0
364,0
365,0
366,0
367,0
368,0
369,0
370,0
371,0
372,0
373,0
374,0
375,0
376,0
377,0
378,0
379,0
380,0
381,0
382,0
383,0
384,0
385,0
386,0
387,0
388,0
389,0
390,0
391,0
392,0
393,0
394,0.05
395,0.05
396,0.05
397,0.05
398,0.05
399,0.05
400,0.05
401,0.05
402,0.05
403,0.05
404,0.05
405,0.05
406,0.05
407,0.05
408,0.05
409,0.05
410,0.05
411,0.05
412,0.05
413,0.05
414,0.05
415,0.05
416,0.05
417,0.05
418,0.05
419,0.05
420,0.05
421,0.05
422,0.05
423,0.05
424,0.05
425,0.05
426,0.05
427,0.05
428,0.05
429,0.05
430,0.05
431,0.05
432,0.05
433,0.05
434,0.05
435,0.05
436,0.05
437,0.05
438,0.05
439,0.05
440,0.05
441,0.1
442,0.1
443,0.1
444,0.1
445,0.1
446,0.1
447,0.1
448,0.1
449,0.1
450,0.1
451,0.1
452,0.1
453,0.1
454,0.1
455,0.1
456,0.1
457,0.1
458,0.1
459,0.1
460,0.1
461,0.1
462,0.1
463,0.1
464,0.1
465,0.1
466,0.1
467,0.1
468,0.1
469,0.1
470,0.1
471,0.1
472,0.1
473,0.1
474,0.1
475,0.1
476,0.1
477,0.1
478,0.1
479,0.1
480,0.1
481,0.1
482,0.1
483,0.1
484,0.1
485,0.1
486,0.1
487,0.1
488,0.1
489,0.1
490,0.1
491,0.1
492,0.1
493,0.1
494,0.1
495,0.1
496,0.1
497,0.1
498,0.1
499,0.1
500,0.1
501,0.1
502,0.1
503,0.1
504,0.1
505,0.1
506,0.1
507,0.1
508,0.1
509,0.1
510,0.1
511,0.1
512,0.1
513,0.1
514,0.1
515,0.1
516,0.1
517,0.1
518,0.1
519,0.1
520,0.1
521,0.1
522,0.1
523,0.1
524,0.1
525,0.1
526,0.1
527,0.1
528,0.1
529,0.1
530,0.1
531,0.1
532,0.1
533,0.1
534,0.1
535,0.1
536,0.1
537,0.1
538,0.1
539,0.1
540,0.1
541,0.1
542,0.1
543,0.1
544,0.1
545,0.1
546,0.1
547,0.1
548,0.1
549,0.1
550,0.1
551,0.1
552,0.1
553,0.1
554,0.1
555,0.1
556,0.1
557,0.1
558,0.14
559,0.14
560,0.14
561,0.14
562,0.14
563,0.14
564,0.14
565,0.14
566,0.14
567,0.14
568,0.14
569,0.14
570,0.14
571,0.14
572,0.14
573,0.14
574,0.14
575,0.14
576,0.14
577,0.14
578,0.14
579,0.14
580,0.14
581,0.14
582,0.14
583,0.14
584,0.14
585,0.14
586,0.14
587,0.14
588,0.14
589,0.14
590,0.14
591,0.14
592,0.14
593,0.14
594,0.14
595,0.14
596,0.14
597,0.14
598,0.14
599,0.14
600,0.14
601,0.14
602,0.14
603,0.14
604,0.14
605,0.14
606,0.14
607,0.14
608,0.14
609,0.14
610,0.14
611,0.14
612,0.14
613,0.14
614,0.14
615,0.14
616,0.14
617,0.14
618,0.14
619,0.14
620,0.14
621,0.14
622,0.14
623,0.14
624,0.14
625,0.14
626,0.14
627,0.14
628,0.14
629,0.14
630,0.14
631,0.14
632,0.15
633,0.15
634,0.15
635,0.15
636,0.15
637,0.15
638,0.15
639,0.15
640,0.15
641,0.15
642,0.15
643,0.15
644,0.15
645,0.15
646,0.15
647,0.15
648,0.15
649,0.15
650,0.15
651,0.15
652,0.15
653,0.15
654,0.15
655,0.15
656,0.15
657,0.15
658,0.15
659,0.15
660,0.15
661,0.15
662,0.15
663,0.15
664,0.15
665,0.15
666,0.15
667,0.15
668,0.15
669,0.15
670,0.15
671,0.15
672,0.15
673,0.15
674,0.15
675,0.15
676,0.15
677,0.15
678,0.15
679,0.15
680,0.15
681,0.15
682,0.15
683,0.15
684,0.15
685,0.15
686,0.15
687,0.15
688,0.15
689,0.15
690,0.15
691,0.15
692,0.15
693,0.15
694,0.15
695,0.15
696,0.15
697,0.15
698,0.15
699,0.15
700,0.15
701,0.15
702,0.15
703,0.15
704,0.15
705,0.15
706,0.15
707,0.15
708,0.15
709,0.15
710,0.15
711,0.15
712,0.15
713,0.15
714,0.15
715,0.15
716,0.15
717,0.15
718,0.15
719,0.15
720,0.15
721,0.15
722,0.15
723,0.15
724,0.15
725,0.15
726,0.15
727,0.15
728,0.15
729,0.15
730,0.15
731,0.15
732,0.15
733,0.15
734,0.15
735,0.15
736,0.15
737,0.15
738,0.15
739,0.15
740,0.15
741,0.15
742,0.15
743,0.15
744,0.15
745,0.15
746,0.15
747,0.15
748,0.15
749,0.15
750,0.15
751,0.15
752,0.15
753,0.15
754,0.15
755,0.15
756,0.15
757,0.15
758,0.15
759,0.15
760,0.15
761,0.15
762,0.15
763,0.15
764,0.15
765,0.15
766,0.15
767,0.15
768,0.15
769,0.15
770,0.15
771,0.15
772,0.15
773,0.15
774,0.15
775,0.15
776,0.15
777,0.15
778,0.15
779,0.15
780,0.15
781,0.15
782,0.15
783,0.15
784,0.15
785,0.15
786,0.15
787,0.15
788,0.18
789,0.18
790,0.18
791,0.18
792,0.18
793,0.18
794,0.18
795,0.18
796,0.18
797,0.18
798,0.18
799,0.18
800,0.18
801,0.18
802,0.18
803,0.18
804,0.18
805,0.18
806,0.18
807,0.18
808,0.18
809,0.18
810,0.18
811,0.18
812,0.18
813,0.18
814,0.18
815,0.18
816,0.18
817,0.18
818,0.18
819,0.18
820,0.18
821,0.18
822,0.18
823,0.18
824,0.18
825,0.18
826,0.18
827,0.18
828,0.18
829,0.18
830,0.18
831,0.18
832,0.18
833,0.18
834,0.18
835,0.18
836,0.18
837,0.18
838,0.18
839,0.18
840,0.18
841,0.18
842,0.18
843,0.18
844,0.18
845,0.18
846,0.18
847,0.18
848,0.18
849,0.18
850,0.18
851,0.18
852,0.18
853,0.18
854,0.18
855,0.18
856,0.18
857,0.18
858,0.18
859,0.18
860,0.18
861,0.18
862,0.18
863,0.18
864,0.18
865,0.18
866,0.18
867,0.18
868,0.18
869,0.18
870,0.18
871,0.18
872,0.18
873,0.18
874,0.18
875,0.18
876,0.18
877,0.18
878,0.18
879,0.18
880,0.18
881,0.24
882,0.24
883,0.24
884,0.24
885,0.24
886,0.24
887,0.24
888,0.24
889,0.24
890,0.24
891,0.24
892,0.24
893,0.24
894,0.24
895,0.24
896,0.24
897,0.24
898,0.24
899,0.24
900,0.24
901,0.24
902,0.24
903,0.24
904,0.24
905,0.24
906,0.24
907,0.24
908,0.24
909,0.24
910,0.24
911,0.24
912,0.24
913,0.24
914,0.24
915,0.24
916,0.24
917,0.24
918,0.24
919,0.24
920,0.24
921,0.24
922,0.24
923,0.24
924,0.24
925,0.24
926,0.24
927,0.24
928,0.24
929,0.24
930,0.24
931,0.24
932,0.24
933,0.24
934,0.24
935,0.24
936,0.24
937,0.24
938,0.24
939,0.24
940,0.24
941,0.24
942,0.24
943,0.24
944,0.24
945,0.24
946,0.24
947,0.24
948,0.24
949,0.24
950,0.24
951,0.24
952,0.24
953,0.24
954,0.24
955,0.24
956,0.24
957,0.24
958,0.24
959,0.24
960,0.24
961,0.24
962,0.24
963,0.24
964,0.24
965,0.24
966,0.24
967,0.24
968,0.24
969,0.24
970,0.24
971,0.24
972,0.24
973,0.24
974,0.24
975,0.24
976,0.24
977,0.24
978,0.24
979,0.24
980,0.24
981,0.24
982,0.24
983,0.24
984,0.24
985,0.29
986,0.29
987,0.29
988,0.29
989,0.29
990,0.29
991,0.29
992,0.29
993,0.29
994,0.29
995,0.29
996,0.29
997,0.29
998,0.29
999,0.29
1000,0.29
1001,0.29
1002,0.29
1003,0.29
1004,0.29
1005,0.29
1006,0.29
1007,0.29
1008,0.29
1009,0.29
1010,0.29
1011,0.29
1012,0.29
1013,0.29
1014,0.29
1015,0.29
1016,0.29
1017,0.29
1018,0.29
1019,0.29
1020,0.29
1021,0.29
1022,0.29
1023,0.29
1024,0.29
1025,0.29
1026,0.29
1027,0.29
1028,0.29
1029,0.29
1030,0.29
1031,0.29
1032,0.29
1033,0.29
1034,0.29
1035,0.29
1036,0.29
1037,0.29
1038,0.29
1039,0.29
1040,0.29
1041,0.29
1042,0.29
1043,0.29
1044,0.29
1045,0.29
1046,0.29
1047,0.29
1048,0.29
1049,0.29
1050,0.29
1051,0.29
1052,0.29
1053,0.29
1054,0.29
1055,0.29
1056,0.29
1057,0.29
1058,0.29
1059,0.29
1060,0.29
1061,0.29
1062,0.29
1063,0.29
1064,0.29
1065,0.29
1066,0.29
1067,0.29
1068,0.29
1069,0.29
1070,0.29
1071,0.29
1072,0.29
1073,0.29
1074,0.29
1075,0.29
1076,0.29
1077,0.29
1078,0.29
1079,0.29
1080,0.29
1081,0.29
1082,0.29
1083,0.29
1084,0.29
1085,0.29
1086,0.29
1087,0.29
1088,0.29
1089,0.29
1090,0.29
1091,0.29
1092,0.29
1093,0.29
1094,0.29
1095,0.29
1096,0.29
1097,0.29
1098,0.29
1099,0.29
1100,0.29
1101,0.29
1102,0.29
1103,0.29
1104,0.29
1105,0.29
1106,0.31
1107,0.31
1108,0.31
1109,0.31
1110,0.31
1111,0.31
1112,0.31
1113,0.31
1114,0.31
1115,0.31
1116,0.31
1117,0.31
1118,0.31
1119,0.31
1120,0.31
1121,0.31
1122,0.31
1123,0.31
1124,0.31
1125,0.31
1126,0.31
1127,0.31
1128,0.31
1129,0.31
1130,0.31
1131,0.31
1132,0.31
1133,0.31
1134,0.31
1135,0.31
1136,0.31
1137,0.31
1138,0.31
1139,0.31
1140,0.31
1141,0.31
1142,0.31
1143,0.31
1144,0.31
1145,0.31
1146,0.31
1147,0.31
1148,0.31
1149,0.31
1150,0.31
1151,0.31
1152,0.31
1153,0.31
1154,0.31
1155,0.31
1156,0.31
1157,0.31
1158,0.31
1159,0.31
1160,0.31
1161,0.31
1162,0.31
1163,0.31
1164,0.31
1165,0.31
1166,0.31
1167,0.31
1168,0.31
1169,0.31
1170,0.31
1171,0.31
1172,0.31
1173,0.31
1174,0.31
1175,0.31
1176,0.31
1177,0.31
1178,0.31
1179,0.31
1180,0.31
1181,0.31
1182,0.31
1183,0.31
1184,0.31
1185,0.31
1186,0.31
1187,0.31
1188,0.31
1189,0.31
1190,0.31
1191,0.31
1192,0.31
1193,0.31
1194,0.31
1195,0.31
1196,0.31
1197,0.31
1198,0.31
1199,0.31
1200,0.31
1201,0.31
1202,0.31
1203,0.31
1204,0.31
1205,0.31
1206,0.31
1207,0.31
1208,0.31
1209,0.31
1210,0.31
1211,0.31
1212,0.31
1213,0.31
1214,0.31
1215,0.31
1216,0.31
1217,0.31
1218,0.31
1219,0.31
1220,0.31
1221,0.31
1222,0.31
1223,0.31
1224,0.31
1225,0.31
1226,0.31
1227,0.31
1228,0.31
1229,0.31
1230,0.31
1231,0.31
1232,0.31
1233,0.31
1234,0.31
1235,0.31
1236,0.31
1237,0.31
1238,0.31
1239,0.31
1240,0.31
1241,0.31
1242,0.31
1243,0.31
1244,0.31
1245,0.36
1246,0.36
1247,0.36
1248,0.36
1249,0.36
1250,0.36
1251,0.36
1252,0.36
1253,0.36
1254,0.36
1255,0.36
1256,0.36
1257,0.36
1258,0.36
1259,0.36
1260,0.36
1261,0.36
1262,0.36
1263,0.36
1264,0.36
1265,0.36
1266,0.36
1267,0.36
1268,0.36
1269,0.36
1270,0.36
1271,0.36
1272,0.36
1273,0.36
1274,0.36
1275,0.36
1276,0.36
1277,0.36
1278,0.36
1279,0.36
1280,0.36
1281,0.36
1282,0.36
1283,0.36
1284,0.36
1285,0.36
1286,0.36
1287,0.36
1288,0.36
1289,0.36
1290,0.36
1291,0.36
1292,0.36
1293,0.36
1294,0.36
1295,0.36
1296,0.36
1297,0.36
1298,0.36
1299,0.36
1300,0.36
1301,0.36
1302,0.36
1303,0.36
1304,0.36
1305,0.36
1306,0.36
1307,0.36
1308,0.36
1309,0.36
1310,0.36
1311,0.36
1312,0.36
1313,0.36
1314,0.36
1315,0.36
1316,0.36
1317,0.36
1318,0.36
1319,0.36
1320,0.36
1321,0.36
1322,0.36
1323,0.36
1324,0.36
1325,0.36
1326,0.36
1327,0.36
1328,0.36
1329,0.36
1330,0.36
1331,0.36
1332,0.36
1333,0.36
1334,0.36
1335,0.36
1336,0.36
1337,0.36
1338,0.36
1339,0.36
1340,0.36
1341,0.36
1342,0.36
1343,0.36
1344,0.36
1345,0.36
1346,0.36
1347,0.36
1348,0.36
1349,0.36
1350,0.36
1351,0.36
1352,0.36
1353,0.36
1354,0.36
1355,0.36
1356,0.36
1357,0.36
1358,0.36
1359,0.36
1360,0.36
1361,0.36
1362,0.36
1363,0.36
1364,0.36
1365,0.36
1366,0.36
1367,0.36
1368,0.36
1369,0.36
1370,0.36
1371,0.36
1372,0.36
1373,0.36
1374,0.36
1375,0.36
1376,0.36
1377,0.36
1378,0.36
1379,0.36
1380,0.36
1381,0.36
1382,0.36
1383,0.36
1384,0.36
1385,0.36
1386,0.36
1387,0.36
1388,0.36
1389,0.36
1390,0.36
1391,0.36
1392,0.36
1393,0.36
1394,0.36
1395,0.36
1396,0.36
1397,0.36
1398,0.36
1399,0.36
1400,0.36
1401,0.36
1402,0.36
1403,0.42
1404,0.42
1405,0.42
1406,0.42
1407,0.42
1408,0.42
1409,0.42
1410,0.42
1411,0.42
1412,0.42
1413,0.42
1414,0.42
1415,0.42
1416,0.42
1417,0.42
1418,0.42
1419,0.42
1420,0.42
1421,0.42
1422,0.42
1423,0.42
1424,0.42
1425,0.42
1426,0.42
1427,0.42
1428,0.42
1429,0.42
1430,0.42
1431,0.42
1432,0.42
1433,0.42
1434,0.42
1435,0.42
1436,0.42
1437,0.42
1438,0.42
1439,0.42
1440,0.42
1441,0.42
1442,0.42
1443,0.42
1444,0.42
1445,0.42
1446,0.42
1447,0.42
1448,0.42
1449,0.42
1450,0.42
1451,0.42
1452,0.42
1453,0.42
1454,0.42
1455,0.42
1456,0.42
1457,0.42
1458,0.42
1459,0.42
1460,0.42
1461,0.42
1462,0.42
1463,0.42
1464,0.42
1465,0.42
1466,0.42
1467,0.42
1468,0.42
1469,0.42
1470,0.42
1471,0.42
1472,0.42
1473,0.42
1474,0.42
1475,0.42
1476,0.42
1477,0.42
1478,0.42
1479,0.42
1480,0.42
1481,0.42
1482,0.42
1483,0.42
1484,0.42
1485,0.42
1486,0.42
1487,0.42
1488,0.42
1489,0.42
1490,0.42
1491,0.42
1492,0.42
1493,0.42
1494,0.42
1495,0.42
1496,0.42
1497,0.42
1498,0.42
1499,0.42
1500,0.42
1501,0.42
1502,0.42
1503,0.42
1504,0.42
1505,0.42
1506,0.42
1507,0.42
1508,0.42
1509,0.42
1510,0.42
1511,0.42
1512,0.42
1513,0.42
1514,0.42
1515,0.42
1516,0.42
1517,0.42
1518,0.42
1519,0.42
1520,0.42
1521,0.42
1522,0.42
1523,0.42
1524,0.42
1525,0.42
1526,0.42
1527,0.42
1528,0.42
1529,0.42
1530,0.42
1531,0.42
1532,0.42
1533,0.42
1534,0.42
1535,0.42
1536,0.42
1537,0.42
1538,0.42
1539,0.42
1540,0.42
1541,0.42
1542,0.42
1543,0.42
1544,0.42
1545,0.42
1546,0.42
1547,0.42
1548,0.42
1549,0.42
1550,0.42
1551,0.42
1552,0.42
1553,0.42
1554,0.42
1555,0.42
1556,0.42
1557,0.42
1558,0.42
1559,0.42
1560,0.42
1561,0.42
1562,0.42
1563,0.42
1564,0.42
1565,0.42
1566,0.42
1567,0.42
1568,0.42
1569,0.42
1570,0.42
1571,0.42
1572,0.42
1573,0.42
1574,0.42
1575,0.42
1576,0.42
1577,0.42
1578,0.42
1579,0.42
1580,0.42
1581,0.42
1582,0.42
1583,0.42
1584,0.42
1585,0.42
1586,0.42
1587,0.42
1588,0.42
1589,0.42
1590,0.42
1591,0.42
1592,0.42
1593,0.42
1594,0.42
1595,0.42
1596,0.42
1597,0.42
1598,0.42
1599,0.42
1600,0.42
1601,0.42
1602,0.42
1603,0.42
1604,0.42
1605,0.42
1606,0.42
1607,0.42
1608,0.42
1609,0.42
1610,0.42
1611,0.42
1612,0.42
1613,0.42
1614,0.42
1615,0.42
1616,0.42
1617,0.42
1618,0.42
1619,0.42
1620,0.42
1621,0.42
1622,0.42
1623,0.42
1624,0.42
1625,0.42
1626,0.42
1627,0.42
1628,0.42
1629,0.42
1630,0.42
1631,0.42
1632,0.42
1633,0.42
1634,0.42
1635,0.42
1636,0.42
1637,0.42
1638,0.42
1639,0.42
1640,0.42
1641,0.42
1642,0.42
1643,0.42
1644,0.42
1645,0.42
1646,0.42
1647,0.42
1648,0.42
1649,0.42
1650,0.42
1651,0.42
1652,0.42
1653,0.42
1654,0.42
1655,0.42
1656,0.42
1657,0.42
1658,0.42
1659,0.42
1660,0.42
1661,0.42
1662,0.42
1663,0.42
1664,0.42
1665,0.42
1666,0.42
1667,0.42
1668,0.42
1669,0.42
1670,0.42
1671,0.42
1672,0.42
1673,0.42
1674,0.42
1675,0.42
1676,0.42
1677,0.42
1678,0.42
1679,0.42
1680,0.42
1681,0.42
1682,0.42
1683,0.42
1684,0.42
1685,0.42
1686,0.42
1687,0.42
1688,0.42
1689,0.42
1690,0.42
1691,0.42
1692,0.42
1693,0.42
1694,0.42
1695,0.42
1696,0.42
1697,0.42
1698,0.42
1699,0.42
1700,0.42
1701,0.42
1702,0.42
1703,0.42
1704,0.42
1705,0.42
1706,0.42
1707,0.42
1708,0.42
1709,0.42
1710,0.42
1711,0.42
1712,0.42
1713,0.42
1714,0.42
1715,0.42
1716,0.42
1717,0.42
1718,0.42
1719,0.42
1720,0.42
1721,0.42
1722,0.42
1723,0.42
1724,0.42
1725,0.42
1726,0.42
1727,0.42
1728,0.42
1729,0.42
1730,0.42
1731,0.42
1732,0.42
1733,0.42
1734,0.42
1735,0.42
1736,0.42
1737,0.42
1738,0.42
1739,0.42
1740,0.42
1741,0.42
1742,0.42
1743,0.42
1744,0.42
1745,0.42
1746,0.42
1747,0.42
1748,0.42
1749,0.42
1750,0.42
1751,0.42
1752,0.42
1753,0.42
1754,0.42
1755,0.42
1756,0.42
1757,0.42
1758,0.42
1759,0.42
1760,0.42
1761,0.42
1762,0.42
1763,0.42
1764,0.42
1765,0.46
1766,0.46
1767,0.46
1768,0.46
1769,0.46
1770,0.46
1771,0.46
1772,0.46
1773,0.46
1774,0.46
1775,0.46
1776,0.46
1777,0.46
1778,0.46
1779,0.46
1780,0.46
1781,0.46
1782,0.46
1783,0.46
1784,0.46
1785,0.46
1786,0.46
1787,0.46
1788,0.46
1789,0.46
1790,0.46
1791,0.46
1792,0.46
1793,0.46
1794,0.46
1795,0.46
1796,0.46
1797,0.46
1798,0.46
1799,0.46
1800,0.46
1801,0.46
1802,0.46
1803,0.46
1804,0.46
1805,0.46
1806,0.46
1807,0.46
1808,0.46
1809,0.46
1810,0.46
1811,0.46
1812,0.46
1813,0.46
1814,0.46
1815,0.46
1816,0.46
1817,0.46
1818,0.46
1819,0.46
1820,0.46
1821,0.46
1822,0.46
1823,0.46
1824,0.46
1825,0.46
1826,0.46
1827,0.46
1828,0.46
1829,0.46
1830,0.46
1831,0.46
1832,0.46
1833,0.46
1834,0.46
1835,0.46
1836,0.46
1837,0.46
1838,0.46
1839,0.46
1840,0.46
1841,0.46
1842,0.46
1843,0.46
1844,0.46
1845,0.46
1846,0.46
1847,0.46
1848,0.46
1849,0.46
1850,0.46
1851,0.46
1852,0.46
1853,0.46
1854,0.46
1855,0.46
1856,0.46
1857,0.46
1858,0.46
1859,0.46
1860,0.46
1861,0.46
1862,0.46
1863,0.46
1864,0.46
1865,0.46
1866,0.46
1867,0.46
1868,0.46
1869,0.46
1870,0.46
1871,0.46
1872,0.46
1873,0.46
1874,0.46
1875,0.46
1876,0.46
1877,0.46
1878,0.46
1879,0.46
1880,0.46
1881,0.46
1882,0.46
1883,0.46
1884,0.46
1885,0.46
1886,0.46
1887,0.46
1888,0.46
1889,0.46
1890,0.46
1891,0.46
1892,0.46
1893,0.46
1894,0.46
1895,0.46
1896,0.46
1897,0.46
1898,0.46
1899,0.46
1900,0.46
1901,0.46
1902,0.46
1903,0.46
1904,0.46
1905,0.46
1906,0.46
1907,0.46
1908,0.46
1909,0.46
1910,0.46
1911,0.46
1912,0.46
1913,0.46
1914,0.46
1915,0.46
1916,0.46
1917,0.46
1918,0.46
1919,0.46
1920,0.46
1921,0.46
1922,0.46
1923,0.46
1924,0.46
1925,0.46
1926,0.46
1927,0.46
1928,0.46
1929,0.46
1930,0.46
1931,0.46
1932,0.46
1933,0.46
1934,0.46
1935,0.46
1936,0.46
1937,0.46
1938,0.46
1939,0.46
1940,0.46
1941,0.46
1942,0.46
1943,0.46
1944,0.46
1945,0.46
1946,0.46
1947,0.46
1948,0.46
1949,0.46
1950,0.46
1951,0.46
1952,0.46
1953,0.46
1954,0.46
1955,0.46
1956,0.46
1957,0.46
1958,0.46
1959,0.46
1960,0.46
1961,0.46
1962,0.46
1963,0.46
1964,0.46
1965,0.46
1966,0.46
1967,0.46
1968,0.46
1969,0.46
1970,0.61
1971,0.61
1972,0.61
1973,0.61
1974,0.61
1975,0.61
1976,0.61
1977,0.61
1978,0.61
1979,0.61
1980,0.61
1981,0.61
1982,0.61
1983,0.61
1984,0.61
1985,0.61
1986,0.61
1987,0.61
1988,0.61
1989,0.61
1990,0.61
1991,0.61
1992,0.61
1993,0.61
1994,0.61
1995,0.61
1996,0.61
1997,0.61
1998,0.61
1999,0.61
2000,0.61
2001,0.61
2002,0.61
2003,0.61
2004,0.61
2005,0.61
2006,0.61
2007,0.61
2008,0.61
2009,0.61
2010,0.61
2011,0.61
2012,0.61
2013,0.61
2014,0.61
2015,0.61
2016,0.61
2017,0.61
2018,0.61
2019,0.61
2020,0.61
2021,0.61
2022,0.61
2023,0.61
2024,0.61
2025,0.61
2026,0.61
2027,0.61
2028,0.61
2029,0.61
2030,0.61
2031,0.61
2032,0.61
2033,0.61
2034,0.61
2035,0.61
2036,0.61
2037,0.61
2038,0.61
2039,0.61
2040,0.61
2041,0.61
2042,0.61
2043,0.61
2044,0.61
2045,0.61
2046,0.61
2047,0.61
2048,0.61
2049,0.61
2050,0.61
2051,0.61
2052,0.61
2053,0.61
2054,0.61
2055,0.61
2056,0.61
2057,0.61
2058,0.61
2059,0.61
2060,0.61
2061,0.61
2062,0.61
2063,0.61
2064,0.61
2065,0.61
2066,0.61
2067,0.61
2068,0.61
2069,0.61
2070,0.61
2071,0.61
2072,0.61
2073,0.61
2074,0.61
2075,0.61
2076,0.61
2077,0.61
2078,0.61
2079,0.61
2080,0.61
2081,0.61
2082,0.61
2083,0.61
2084,0.61
2085,0.61
2086,0.61
2087,0.61
2088,0.61
2089,0.61
2090,0.61
2091,0.61
2092,0.61
2093,0.61
2094,0.61
2095,0.61
2096,0.61
2097,0.61
2098,0.61
2099,0.61
2100,0.61
2101,0.61
2102,0.61
2103,0.61
2104,0.61
2105,0.61
2106,0.61
2107,0.61
2108,0.61
2109,0.61
2110,0.61
2111,0.61
2112,0.61
2113,0.61
2114,0.61
2115,0.61
2116,0.61
2117,0.61
2118,0.61
2119,0.61
2120,0.61
2121,0.61
2122,0.61
2123,0.61
2124,0.61
2125,0.61
2126,0.61
2127,0.61
2128,0.61
2129,0.61
2130,0.61
2131,0.61
2132,0.61
2133,0.61
2134,0.61
2135,0.61
2136,0.61
2137,0.61
2138,0.61
2139,0.61
2140,0.61
2141,0.61
2142,0.61
2143,0.61
2144,0.61
2145,0.61
2146,0.61
2147,0.61
2148,0.61
2149,0.61
2150,0.61
2151,0.61
2152,0.61
2153,0.61
2154,0.61
2155,0.61
2156,0.61
2157,0.61
2158,0.61
2159,0.61
2160,0.61
2161,0.61
2162,0.61
2163,0.61
2164,0.61
2165,0.61
2166,0.61
2167,0.61
2168,0.61
2169,0.61
2170,0.61
2171,0.61
2172,0.61
2173,0.61
2174,0.61
2175,0.61
2176,0.61
2177,0.61
2178,0.61
2179,0.61
2180,0.61
2181,0.61
2182,0.61
2183,0.61
2184,0.61
2185,0.61
2186,0.61
2187,0.61
2188,0.61
2189,0.61
2190,0.61
2191,0.61
2192,0.61
2193,0.61
2194,0.61
2195,0.61
2196,0.61
2197,0.61
2198,0.61
2199,0.61
2200,0.61
2201,0.61
2202,0.61
2203,0.61
2204,0.61
2205,0.61
2206,0.61
2207,0.61
2208,0.61
2209,0.61
2210,0.61
2211,0.82
2212,0.82
2213,0.82
2214,0.82
2215,0.82
2216,0.82
2217,0.82
2218,0.82
2219,0.82
2220,0.82
2221,0.82
2222,0.82
2223,0.82
2224,0.82
2225,0.82
2226,0.82
2227,0.82
2228,0.82
2229,0.82
2230,0.82
2231,0.82
2232,0.82
2233,0.82
2234,0.82
2235,0.82
2236,0.82
2237,0.82
2238,0.82
2239,0.82
2240,0.82
2241,0.82
2242,0.82
2243,0.82
2244,0.82
2245,0.82
2246,0.82
2247,0.82
2248,0.82
2249,0.82
2250,0.82
2251,0.82
2252,0.82
2253,0.82
2254,0.82
2255,0.82
2256,0.82
2257,0.82
2258,0.82
2259,0.82
2260,0.82
2261,0.82
2262,0.82
2263,0.82
2264,0.82
2265,0.82
2266,0.82
2267,0.82
2268,0.82
2269,0.82
2270,0.82
2271,0.82
2272,0.82
2273,0.82
2274,0.82
2275,0.82
2276,0.82
2277,0.82
2278,0.82
2279,0.82
2280,0.82
2281,0.82
2282,0.82
2283,0.82
2284,0.82
2285,0.82
2286,0.82
2287,0.82
2288,0.82
2289,0.82
2290,0.82
2291,0.82
2292,0.82
2293,0.82
2294,0.82
2295,0.82
2296,0.82
2297,0.82
2298,0.82
2299,0.82
2300,0.82
2301,0.82
2302,0.82
2303,0.82
2304,0.82
2305,0.82
2306,0.82
2307,0.82
2308,0.82
2309,0.82
2310,0.82
2311,0.82
2312,0.82
2313,0.82
2314,0.82
2315,0.82
2316,0.82
2317,0.82
2318,0.82
2319,0.82
2320,0.82
2321,0.82
2322,0.82
2323,0.82
2324,0.82
2325,0.82
2326,0.82
2327,0.82
2328,0.82
2329,0.82
2330,0.82
2331,0.82
2332,0.82
2333,0.82
2334,0.82
2335,0.82
2336,0.82
2337,0.82
2338,0.82
2339,0.82
2340,0.82
2341,0.82
2342,0.82
2343,0.82
2344,0.82
2345,0.82
2346,0.82
2347,0.82
2348,0.82
2349,0.82
2350,0.82
2351,0.82
2352,0.82
2353,0.82
2354,0.82
2355,0.82
2356,0.82
2357,0.82
2358,0.82
2359,0.82
2360,0.82
2361,0.82
2362,0.82
2363,0.82
2364,0.82
2365,0.82
2366,0.82
2367,0.82
2368,0.82
2369,0.82
2370,0.82
2371,0.82
2372,0.82
2373,0.82
2374,0.82
2375,0.82
2376,0.82
2377,0.82
2378,0.82
2379,0.82
2380,0.82
2381,0.82
2382,0.82
2383,0.82
2384,0.82
2385,0.82
2386,0.82
2387,0.82
2388,0.82
2389,0.82
2390,0.82
2391,0.82
2392,0.82
2393,0.82
2394,0.82
2395,0.82
2396,0.82
2397,0.82
2398,0.82
2399,0.82
2400,0.82
2401,0.82
2402,0.82
2403,0.82
2404,0.82
2405,0.82
2406,0.82
2407,0.82
2408,0.82
2409,0.82
2410,0.82
2411,0.82
2412,0.82
2413,0.82
2414,0.82
2415,0.82
2416,0.82
2417,0.82
2418,0.82
2419,0.82
2420,0.82
2421,0.82
2422,0.82
2423,0.82
2424,0.82
2425,0.82
2426,0.82
2427,0.82
2428,0.82
2429,0.82
2430,0.82
2431,0.82
2432,0.82
2433,0.82
2434,0.82
2435,0.82
2436,0.82
2437,0.82
2438,0.82
2439,0.82
2440,0.82
2441,0.82
2442,0.82
2443,0.82
2444,0.82
2445,0.82
2446,0.82
2447,0.82
2448,0.82
2449,0.82
2450,0.82
2451,0.82
2452,0.82
2453,0.82
2454,0.82
2455,0.82
2456,0.82
2457,0.82
2458,0.82
2459,0.82
2460,0.82
2461,0.82
2462,0.82
2463,0.82
2464,0.82
2465,0.82
2466,0.82
2467,0.82
2468,0.82
2469,0.82
2470,0.82
2471,0.82
2472,0.82
2473,0.82
2474,0.82
2475,0.82
2476,0.82
2477,0.82
2478,0.82
2479,0.82
2480,0.82
2481,0.82
2482,0.82
2483,0.82
2484,0.82
2485,0.82
2486,0.82
2487,0.82
2488,0.82
2489,0.82
2490,0.98
2491,0.98
2492,0.98
2493,0.98
2494,0.98
2495,0.98
2496,0.98
2497,0.98
2498,0.98
2499,0.98
2500,0.98
2501,0.98
2502,0.98
2503,0.98
2504,0.98
2505,0.98
2506,0.98
2507,0.98
2508,0.98
2509,0.98
2510,0.98
2511,0.98
2512,0.98
2513,0.98
2514,0.98
2515,0.98
2516,0.98
2517,0.98
2518,0.98
2519,0.98
2520,0.98
2521,0.98
2522,0.98
2523,0.98
2524,0.98
2525,0.98
2526,0.98
2527,0.98
2528,0.98
2529,0.98
2530,0.98
2531,0.98
2532,0.98
2533,0.98
2534,0.98
2535,0.98
2536,0.98
2537,0.98
2538,0.98
2539,0.98
2540,0.98
2541,0.98
2542,0.98
2543,0.98
2544,0.98
2545,0.98
2546,0.98
2547,0.98
2548,0.98
2549,0.98
2550,0.98
2551,0.98
2552,0.98
2553,0.98
2554,0.98
2555,0.98
2556,0.98
2557,0.98
2558,0.98
2559,0.98
2560,0.98
2561,0.98
2562,0.98
2563,0.98
2564,0.98
2565,0.98
2566,0.98
2567,0.98
2568,0.98
2569,0.98
2570,0.98
2571,0.98
2572,0.98
2573,0.98
2574,0.98
2575,0.98
2576,0.98
2577,0.98
2578,0.98
2579,0.98
2580,0.98
2581,0.98
2582,0.98
2583,0.98
2584,0.98
2585,0.98
2586,0.98
2587,0.98
2588,0.98
2589,0.98
2590,0.98
2591,0.98
2592,0.98
2593,0.98
2594,0.98
2595,0.98
2596,0.98
2597,0.98
2598,0.98
2599,0.98
2600,0.98
2601,0.98
2602,0.98
2603,0.98
2604,0.98
2605,0.98
2606,0.98
2607,0.98
2608,0.98
2609,0.98
2610,0.98
2611,0.98
2612,0.98
2613,0.98
2614,0.98
2615,0.98
2616,0.98
2617,0.98
2618,0.98
2619,0.98
2620,0.98
2621,0.98
2622,0.98
2623,0.98
2624,0.98
2625,0.98
2626,0.98
2627,0.98
2628,0.98
2629,0.98
2630,0.98
2631,0.98
2632,0.98
2633,0.98
2634,0.98
2635,0.98
2636,0.98
2637,0.98
2638,0.98
2639,0.98
2640,0.98
2641,0.98
2642,0.98
2643,0.98
2644,0.98
2645,0.98
2646,0.98
2647,0.98
2648,0.98
2649,0.98
2650,0.98
2651,0.98
2652,0.98
2653,0.98
2654,0.98
2655,0.98
2656,0.98
2657,0.98
2658,0.98
2659,0.98
2660,0.98
2661,0.98
2662,0.98
2663,0.98
2664,0.98
2665,0.98
2666,0.98
2667,0.98
2668,0.98
2669,0.98
2670,0.98
2671,0.98
2672,0.98
2673,0.98
2674,0.98
2675,0.98
2676,0.98
2677,0.98
2678,0.98
2679,0.98
2680,0.98
2681,0.98
2682,0.98
2683,0.98
2684,0.98
2685,0.98
2686,0.98
2687,0.98
2688,0.98
2689,0.98
2690,0.98
2691,0.98
2692,0.98
2693,0.98
2694,0.98
2695,0.98
2696,0.98
2697,0.98
2698,0.98
2699,0.98
2700,0.98
2701,0.98
2702,0.98
2703,0.98
2704,0.98
2705,0.98
2706,0.98
2707,0.98
2708,0.98
2709,0.98
2710,0.98
2711,0.98
2712,0.98
2713,0.98
2714,0.98
2715,0.98
2716,0.98
2717,0.98
2718,0.98
2719,0.98
2720,0.98
2721,0.98
2722,0.98
2723,0.98
2724,0.98
2725,0.98
2726,0.98
2727,0.98
2728,0.98
2729,0.98
2730,0.98
2731,0.98
2732,0.98
2733,0.98
2734,0.98
2735,0.98
2736,0.98
2737,0.98
2738,0.98
2739,0.98
2740,0.98
2741,0.98
2742,0.98
2743,0.98
2744,0.98
2745,0.98
2746,0.98
2747,0.98
2748,0.98
2749,0.98
2750,0.98
2751,0.98
2752,0.98
2753,0.98
2754,0.98
2755,0.98
2756,0.98
2757,0.98
2758,0.98
2759,0.98
2760,0.98
2761,0.98
2762,0.98
2763,0.98
2764,0.98
2765,0.98
2766,0.98
2767,0.98
2768,0.98
2769,0.98
2770,0.98
2771,0.98
2772,0.98
2773,0.98
2774,0.98
2775,0.98
2776,0.98
2777,0.98
2778,0.98
2779,0.98
2780,0.98
2781,0.98
2782,0.98
2783,0.98
2784,0.98
2785,0.98
2786,0.98
2787,0.98
2788,0.98
2789,0.98
2790,0.98
2791,0.98
2792,0.98
2793,0.98
2794,0.98
2795,0.98
2796,0.98
2797,0.98
2798,0.98
2799,0.98
2800,0.98
2801,0.98
2802,0.98
2803,0.98
2804,0.98
2805,1.2
2806,1.2
2807,1.2
2808,1.2
2809,1.2
2810,1.2
2811,1.2
2812,1.2
2813,1.2
2814,1.2
2815,1.2
2816,1.2
2817,1.2
2818,1.2
2819,1.2
2820,1.2
2821,1.2
2822,1.2
2823,1.2
2824,1.2
2825,1.2
2826,1.2
2827,1.2
2828,1.2
2829,1.2
2830,1.2
2831,1.2
2832,1.2
2833,1.2
2834,1.2
2835,1.2
2836,1.2
2837,1.2
2838,1.2
2839,1.2
2840,1.2
2841,1.2
2842,1.2
2843,1.2
2844,1.2
2845,1.2
2846,1.2
2847,1.2
2848,1.2
2849,1.2
2850,1.2
2851,1.2
2852,1.2
2853,1.2
2854,1.2
2855,1.2
2856,1.2
2857,1.2
2858,1.2
2859,1.2
2860,1.2
2861,1.2
2862,1.2
2863,1.2
2864,1.2
2865,1.2
2866,1.2
2867,1.2
2868,1.2
2869,1.2
2870,1.2
2871,1.2
2872,1.2
2873,1.2
2874,1.2
2875,1.2
2876,1.2
2877,1.2
2878,1.2
2879,1.2
2880,1.2
2881,1.2
2882,1.2
2883,1.2
2884,1.2
2885,1.2
2886,1.2
2887,1.2
2888,1.2
2889,1.2
2890,1.2
2891,1.2
2892,1.2
2893,1.2
2894,1.2
2895,1.2
2896,1.2
2897,1.2
2898,1.2
2899,1.2
2900,1.2
2901,1.2
2902,1.2
2903,1.2
2904,1.2
2905,1.2
2906,1.2
2907,1.2
2908,1.2
2909,1.2
2910,1.2
2911,1.2
2912,1.2
2913,1.2
2914,1.2
2915,1.2
2916,1.2
2917,1.2
2918,1.2
2919,1.2
2920,1.2
2921,1.2
2922,1.2
2923,1.2
2924,1.2
2925,1.2
2926,1.2
2927,1.2
2928,1.2
2929,1.2
2930,1.2
2931,1.2
2932,1.2
2933,1.2
2934,1.2
2935,1.2
2936,1.2
2937,1.2
2938,1.2
2939,1.2
2940,1.2
2941,1.2
2942,1.2
2943,1.2
2944,1.2
2945,1.2
2946,1.2
2947,1.2
2948,1.2
2949,1.2
2950,1.2
2951,1.2
2952,1.2
2953,1.2
2954,1.2
2955,1.2
2956,1.2
2957,1.2
2958,1.2
2959,1.2
2960,1.2
2961,1.2
2962,1.2
2963,1.2
2964,1.2
2965,1.2
2966,1.2
2967,1.2
2968,1.2
2969,1.2
2970,1.2
2971,1.2
2972,1.2
2973,1.2
2974,1.2
2975,1.2
2976,1.2
2977,1.2
2978,1.2
2979,1.2
2980,1.2
2981,1.2
2982,1.2
2983,1.2
2984,1.2
2985,1.2
2986,1.2
2987,1.2
2988,1.2
2989,1.2
2990,1.2
2991,1.2
2992,1.2
2993,1.2
2994,1.2
2995,1.2
2996,1.2
2997,1.2
2998,1.2
2999,1.2
3000,1.2
3001,1.2
3002,1.2
3003,1.2
3004,1.2
3005,1.2
3006,1.2
3007,1.2
3008,1.2
3009,1.2
3010,1.2
3011,1.2
3012,1.2
3013,1.2
3014,1.2
3015,1.2
3016,1.2
3017,1.2
3018,1.2
3019,1.2
3020,1.2
3021,1.2
3022,1.2
3023,1.2
3024,1.2
3025,1.2
3026,1.2
3027,1.2
3028,1.2
3029,1.2
3030,1.2
3031,1.2
3032,1.2
3033,1.2
3034,1.2
3035,1.2
3036,1.2
3037,1.2
3038,1.2
3039,1.2
3040,1.2
3041,1.2
3042,1.2
3043,1.2
3044,1.2
3045,1.2
3046,1.2
3047,1.2
3048,1.2
3049,1.2
3050,1.2
3051,1.2
3052,1.2
3053,1.2
3054,1.2
3055,1.2
3056,1.2
3057,1.2
3058,1.2
3059,1.2
3060,1.2
3061,1.2
3062,1.2
3063,1.2
3064,1.2
3065,1.2
3066,1.2
3067,1.2
3068,1.2
3069,1.2
3070,1.2
3071,1.2
3072,1.2
3073,1.2
3074,1.2
3075,1.2
3076,1.2
3077,1.2
3078,1.2
3079,1.2
3080,1.2
3081,1.2
3082,1.2
3083,1.2
3084,1.2
3085,1.2
3086,1.2
3087,1.2
3088,1.2
3089,1.2
3090,1.2
3091,1.2
3092,1.2
3093,1.2
3094,1.2
3095,1.2
3096,1.2
3097,1.2
3098,1.2
3099,1.2
3100,1.2
3101,1.2
3102,1.2
3103,1.2
3104,1.2
3105,1.2
3106,1.2
3107,1.2
3108,1.2
3109,1.2
3110,1.2
3111,1.2
3112,1.2
3113,1.2
3114,1.2
3115,1.2
3116,1.2
3117,1.2
3118,1.2
3119,1.2
3120,1.2
3121,1.2
3122,1.2
3123,1.2
3124,1.2
3125,1.2
3126,1.2
3127,1.2
3128,1.2
3129,1.2
3130,1.2
3131,1.2
3132,1.2
3133,1.2
3134,1.2
3135,1.2
3136,1.2
3137,1.2
3138,1.2
3139,1.2
3140,1.2
3141,1.2
3142,1.2
3143,1.2
3144,1.2
3145,1.2
3146,1.2
3147,1.2
3148,1.2
3149,1.2
3150,1.2
3151,1.2
3152,1.2
3153,1.2
3154,1.2
3155,1.2
3156,1.2
3157,1.2
3158,1.37
3159,1.37
3160,1.37
3161,1.37
3162,1.37
3163,1.37
3164,1.37
3165,1.37
3166,1.37
3167,1.37
3168,1.37
3169,1.37
3170,1.37
3171,1.37
3172,1.37
3173,1.37
3174,1.37
3175,1.37
3176,1.37
3177,1.37
3178,1.37
3179,1.37
3180,1.37
3181,1.37
3182,1.37
3183,1.37
3184,1.37
3185,1.37
3186,1.37
3187,1.37
3188,1.37
3189,1.37
3190,1.37
3191,1.37
3192,1.37
3193,1.37
3194,1.37
3195,1.37
3196,1.37
3197,1.37
3198,1.37
3199,1.37
3200,1.37
3201,1.37
3202,1.37
3203,1.37
3204,1.37
3205,1.37
3206,1.37
3207,1.37
3208,1.37
3209,1.37
3210,1.37
3211,1.37
3212,1.37
3213,1.37
3214,1.37
3215,1.37
3216,1.37
3217,1.37
3218,1.37
3219,1.37
3220,1.37
3221,1.37
3222,1.37
3223,1.37
3224,1.37
3225,1.37
3226,1.37
3227,1.37
3228,1.37
3229,1.37
3230,1.37
3231,1.37
3232,1.37
3233,1.37
3234,1.37
3235,1.37
3236,1.37
3237,1.37
3238,1.37
3239,1.37
3240,1.37
3241,1.37
3242,1.37
3243,1.37
3244,1.37
3245,1.37
3246,1.37
3247,1.37
3248,1.37
3249,1.37
3250,1.37
3251,1.37
3252,1.37
3253,1.37
3254,1.37
3255,1.37
3256,1.37
3257,1.37
3258,1.37
3259,1.37
3260,1.37
3261,1.37
3262,1.37
3263,1.37
3264,1.37
3265,1.37
3266,1.37
3267,1.37
3268,1.37
3269,1.37
3270,1.37
3271,1.37
3272,1.37
3273,1.37
3274,1.37
3275,1.37
3276,1.37
3277,1.37
3278,1.37
3279,1.37
3280,1.37
3281,1.37
3282,1.37
3283,1.37
3284,1.37
3285,1.37
3286,1.37
3287,1.37
3288,1.37
3289,1.37
3290,1.37
3291,1.37
3292,1.37
3293,1.37
3294,1.37
3295,1.37
3296,1.37
3297,1.37
3298,1.37
3299,1.37
3300,1.37
3301,1.37
3302,1.37
3303,1.37
3304,1.37
3305,1.37
3306,1.37
3307,1.37
3308,1.37
3309,1.37
3310,1.37
3311,1.37
3312,1.37
3313,1.37
3314,1.37
3315,1.37
3316,1.37
3317,1.37
3318,1.37
3319,1.37
3320,1.37
3321,1.37
3322,1.37
3323,1.37
3324,1.37
3325,1.37
3326,1.37
3327,1.37
3328,1.37
3329,1.37
3330,1.37
3331,1.37
3332,1.37
3333,1.37
3334,1.37
3335,1.37
3336,1.37
3337,1.37
3338,1.37
3339,1.37
3340,1.37
3341,1.37
3342,1.37
3343,1.37
3344,1.37
3345,1.37
3346,1.37
3347,1.37
3348,1.37
3349,1.37
3350,1.37
3351,1.37
3352,1.37
3353,1.37
3354,1.37
3355,1.37
3356,1.37
3357,1.37
3358,1.37
3359,1.37
3360,1.37
3361,1.37
3362,1.37
3363,1.37
3364,1.37
3365,1.37
3366,1.37
3367,1.37
3368,1.37
3369,1.37
3370,1.37
3371,1.37
3372,1.37
3373,1.37
3374,1.37
3375,1.37
3376,1.37
3377,1.37
3378,1.37
3379,1.37
3380,1.37
3381,1.37
3382,1.37
3383,1.37
3384,1.37
3385,1.37
3386,1.37
3387,1.37
3388,1.37
3389,1.37
3390,1.37
3391,1.37
3392,1.37
3393,1.37
3394,1.37
3395,1.37
3396,1.37
3397,1.37
3398,1.37
3399,1.37
3400,1.37
3401,1.37
3402,1.37
3403,1.37
3404,1.37
3405,1.37
3406,1.37
3407,1.37
3408,1.37
3409,1.37
3410,1.37
3411,1.37
3412,1.37
3413,1.37
3414,1.37
3415,1.37
3416,1.37
3417,1.37
3418,1.37
3419,1.37
3420,1.37
3421,1.37
3422,1.37
3423,1.37
3424,1.37
3425,1.37
3426,1.37
3427,1.37
3428,1.37
3429,1.37
3430,1.37
3431,1.37
3432,1.37
3433,1.37
3434,1.37
3435,1.37
3436,1.37
3437,1.37
3438,1.37
3439,1.37
3440,1.37
3441,1.37
3442,1.37
3443,1.37
3444,1.37
3445,1.37
3446,1.37
3447,1.37
3448,1.37
3449,1.37
3450,1.37
3451,1.37
3452,1.37
3453,1.37
3454,1.37
3455,1.37
3456,1.37
3457,1.37
3458,1.37
3459,1.37
3460,1.37
3461,1.37
3462,1.37
3463,1.37
3464,1.37
3465,1.37
3466,1.37
3467,1.37
3468,1.37
3469,1.37
3470,1.37
3471,1.37
3472,1.37
3473,1.37
3474,1.37
3475,1.37
3476,1.37
3477,1.37
3478,1.37
3479,1.37
3480,1.37
3481,1.37
3482,1.37
3483,1.37
3484,1.37
3485,1.37
3486,1.37
3487,1.37
3488,1.37
3489,1.37
3490,1.37
3491,1.37
3492,1.37
3493,1.37
3494,1.37
3495,1.37
3496,1.37
3497,1.37
3498,1.37
3499,1.37
3500,1.37
3501,1.37
3502,1.37
3503,1.37
3504,1.37
3505,1.37
3506,1.37
3507,1.37
3508,1.37
3509,1.37
3510,1.37
3511,1.37
3512,1.37
3513,1.37
3514,1.37
3515,1.37
3516,1.37
3517,1.37
3518,1.37
3519,1.37
3520,1.37
3521,1.37
3522,1.37
3523,1.37
3524,1.37
3525,1.37
3526,1.37
3527,1.37
3528,1.37
3529,1.37
3530,1.52
3531,1.52
3532,1.52
3533,1.52
3534,1.52
3535,1.52
3536,1.52
3537,1.52
3538,1.52
3539,1.52
3540,1.52
3541,1.52
3542,1.52
3543,1.52
3544,1.52
3545,1.52
3546,1.52
3547,1.52
3548,1.52
3549,1.52
3550,1.52
3551,1.52
3552,1.52
3553,1.52
3554,1.52
3555,1.52
3556,1.52
3557,1.52
3558,1.52
3559,1.52
3560,1.52
3561,1.52
3562,1.52
3563,1.52
3564,1.52
3565,1.52
3566,1.52
3567,1.52
3568,1.52
3569,1.52
3570,1.52
3571,1.52
3572,1.52
3573,1.52
3574,1.52
3575,1.52
3576,1.52
3577,1.52
3578,1.52
3579,1.52
3580,1.52
3581,1.52
3582,1.52
3583,1.52
3584,1.52
3585,1.52
3586,1.52
3587,1.52
3588,1.52
3589,1.52
3590,1.52
3591,1.52
3592,1.52
3593,1.52
3594,1.52
3595,1.52
3596,1.52
3597,1.52
3598,1.52
3599,1.52
3600,1.52
3601,1.52
3602,1.52
3603,1.52
3604,1.52
3605,1.52
3606,1.52
3607,1.52
3608,1.52
3609,1.52
3610,1.52
3611,1.52
3612,1.52
3613,1.52
3614,1.52
3615,1.52
3616,1.52
3617,1.52
3618,1.52
3619,1.52
3620,1.52
3621,1.52
3622,1.52
3623,1.52
3624,1.52
3625,1.52
3626,1.52
3627,1.52
3628,1.52
3629,1.52
3630,1.52
3631,1.52
3632,1.52
3633,1.52
3634,1.52
3635,1.52
3636,1.52
3637,1.52
3638,1.52
3639,1.52
3640,1.52
3641,1.52
3642,1.52
3643,1.52
3644,1.52
3645,1.52
3646,1.52
3647,1.52
3648,1.52
3649,1.52
3650,1.52
3651,1.52
3652,1.52
3653,1.52
3654,1.52
3655,1.52
3656,1.52
3657,1.52
3658,1.52
3659,1.52
3660,1.52
3661,1.52
3662,1.52
3663,1.52
3664,1.52
3665,1.52
3666,1.52
3667,1.52
3668,1.52
3669,1.52
3670,1.52
3671,1.52
3672,1.52
3673,1.52
3674,1.52
3675,1.52
3676,1.52
3677,1.52
3678,1.52
3679,1.52
3680,1.52
3681,1.52
3682,1.52
3683,1.52
3684,1.52
3685,1.52
3686,1.52
3687,1.52
3688,1.52
3689,1.52
3690,1.52
3691,1.52
3692,1.52
3693,1.52
3694,1.52
3695,1.52
3696,1.52
3697,1.52
3698,1.52
3699,1.52
3700,1.52
3701,1.52
3702,1.52
3703,1.52
3704,1.52
3705,1.52
3706,1.52
3707,1.52
3708,1.52
3709,1.52
3710,1.52
3711,1.52
3712,1.52
3713,1.52
3714,1.52
3715,1.52
3716,1.52
3717,1.52
3718,1.52
3719,1.52
3720,1.52
3721,1.52
3722,1.52
3723,1.52
3724,1.52
3725,1.52
3726,1.52
3727,1.52
3728,1.52
3729,1.52
3730,1.52
3731,1.52
3732,1.52
3733,1.52
3734,1.52
3735,1.52
3736,1.52
3737,1.52
3738,1.52
3739,1.52
3740,1.52
3741,1.52
3742,1.52
3743,1.52
3744,1.52
3745,1.52
3746,1.52
3747,1.52
3748,1.52
3749,1.52
3750,1.52
3751,1.52
3752,1.52
3753,1.52
3754,1.52
3755,1.52
3756,1.52
3757,1.52
3758,1.52
3759,1.52
3760,1.52
3761,1.52
3762,1.52
3763,1.52
3764,1.52
3765,1.52
3766,1.52
3767,1.52
3768,1.52
3769,1.52
3770,1.52
3771,1.52
3772,1.52
3773,1.52
3774,1.52
3775,1.52
3776,1.52
3777,1.52
3778,1.52
3779,1.52
3780,1.52
3781,1.52
3782,1.52
3783,1.52
3784,1.52
3785,1.52
3786,1.52
3787,1.52
3788,1.52
3789,1.52
3790,1.52
3791,1.52
3792,1.52
3793,1.52
3794,1.52
3795,1.52
3796,1.52
3797,1.52
3798,1.52
3799,1.52
3800,1.52
3801,1.52
3802,1.52
3803,1.52
3804,1.52
3805,1.52
3806,1.52
3807,1.52
3808,1.52
3809,1.52
3810,1.52
3811,1.52
3812,1.52
3813,1.52
3814,1.52
3815,1.52
3816,1.52
3817,1.52
3818,1.52
3819,1.52
3820,1.52
3821,1.52
3822,1.52
3823,1.52
3824,1.52
3825,1.52
3826,1.52
3827,1.52
3828,1.52
3829,1.52
3830,1.52
3831,1.52
3832,1.52
3833,1.52
3834,1.52
3835,1.52
3836,1.52
3837,1.52
3838,1.52
3839,1.52
3840,1.52
3841,1.52
3842,1.52
3843,1.52
3844,1.52
3845,1.52
3846,1.52
3847,1.52
3848,1.52
3849,1.52
3850,1.52
3851,1.52
3852,1.52
3853,1.52
3854,1.52
3855,1.52
3856,1.52
3857,1.52
3858,1.52
3859,1.52
3860,1.52
3861,1.52
3862,1.52
3863,1.52
3864,1.52
3865,1.52
3866,1.52
3867,1.52
3868,1.52
3869,1.52
3870,1.52
3871,1.52
3872,1.52
3873,1.52
3874,1.52
3875,1.52
3876,1.52
3877,1.52
3878,1.52
3879,1.52
3880,1.52
3881,1.52
3882,1.52
3883,1.52
3884,1.52
3885,1.52
3886,1.52
3887,1.52
3888,1.52
3889,1.52
3890,1.52
3891,1.52
3892,1.52
3893,1.52
3894,1.52
3895,1.52
3896,1.52
3897,1.52
3898,1.52
3899,1.52
3900,1.52
3901,1.52
3902,1.52
3903,1.52
3904,1.52
3905,1.52
3906,1.52
3907,1.52
3908,1.52
3909,1.52
3910,1.52
3911,1.52
3912,1.52
3913,1.52
3914,1.52
3915,1.52
3916,1.52
3917,1.52
3918,1.52
3919,1.52
3920,1.52
3921,1.52
3922,1.52
3923,1.52
3924,1.52
3925,1.52
3926,1.52
3927,1.52
3928,1.52
3929,1.52
3930,1.52
3931,1.52
3932,1.52
3933,1.52
3934,1.52
3935,1.52
3936,1.52
3937,1.52
3938,1.52
3939,1.78
3940,1.78
3941,1.78
3942,1.78
3943,1.78
3944,1.78
3945,1.78
3946,1.78
3947,1.78
3948,1.78
3949,1.78
3950,1.78
3951,1.78
3952,1.78
3953,1.78
3954,1.78
3955,1.78
3956,1.78
3957,1.78
3958,1.78
3959,1.78
3960,1.78
3961,1.78
3962,1.78
3963,1.78
3964,1.78
3965,1.78
3966,1.78
3967,1.78
3968,1.78
3969,1.78
3970,1.78
3971,1.78
3972,1.78
3973,1.78
3974,1.78
3975,1.78
3976,1.78
3977,1.78
3978,1.78
3979,1.78
3980,1.78
3981,1.78
3982,1.78
3983,1.78
3984,1.78
3985,1.78
3986,1.78
3987,1.78
3988,1.78
3989,1.78
3990,1.78
3991,1.78
3992,1.78
3993,1.78
3994,1.78
3995,1.78
3996,1.78
3997,1.78
3998,1.78
3999,1.78
4000,1.78
4001,1.78
4002,1.78
4003,1.78
4004,1.78
4005,1.78
4006,1.78
4007,1.78
4008,1.78
4009,1.78
4010,1.78
4011,1.78
4012,1.78
4013,1.78
4014,1.78
4015,1.78
4016,1.78
4017,1.78
4018,1.78
4019,1.78
4020,1.78
4021,1.78
4022,1.78
4023,1.78
4024,1.78
4025,1.78
4026,1.78
4027,1.78
4028,1.78
4029,1.78
4030,1.78
4031,1.78
4032,1.78
4033,1.78
4034,1.78
4035,1.78
4036,1.78
4037,1.78
4038,1.78
4039,1.78
4040,1.78
4041,1.78
4042,1.78
4043,1.78
4044,1.78
4045,1.78
4046,1.78
4047,1.78
4048,1.78
4049,1.78
4050,1.78
4051,1.78
4052,1.78
4053,1.78
4054,1.78
4055,1.78
4056,1.78
4057,1.78
4058,1.78
4059,1.78
4060,1.78
4061,1.78
4062,1.78
4063,1.78
4064,1.78
4065,1.78
4066,1.78
4067,1.78
4068,1.78
4069,1.78
4070,1.78
4071,1.78
4072,1.78
4073,1.78
4074,1.78
4075,1.78
4076,1.78
4077,1.78
4078,1.78
4079,1.78
4080,1.78
4081,1.78
4082,1.78
4083,1.78
4084,1.78
4085,1.78
4086,1.78
4087,1.78
4088,1.78
4089,1.78
4090,1.78
4091,1.78
4092,1.78
4093,1.78
4094,1.78
4095,1.78
4096,1.78
4097,1.78
4098,1.78
4099,1.78
4100,1.78
4101,1.78
4102,1.78
4103,1.78
4104,1.78
4105,1.78
4106,1.78
4107,1.78
4108,1.78
4109,1.78
4110,1.78
4111,1.78
4112,1.78
4113,1.78
4114,1.78
4115,1.78
4116,1.78
4117,1.78
4118,1.78
4119,1.78
4120,1.78
4121,1.78
4122,1.78
4123,1.78
4124,1.78
4125,1.78
4126,1.78
4127,1.78
4128,1.78
4129,1.78
4130,1.78
4131,1.78
4132,1.78
4133,1.78
4134,1.78
4135,1.78
4136,1.78
4137,1.78
4138,1.78
4139,1.78
4140,1.78
4141,1.78
4142,1.78
4143,1.78
4144,1.78
4145,1.78
4146,1.78
4147,1.78
4148,1.78
4149,1.78
4150,1.78
4151,1.78
4152,1.78
4153,1.78
4154,1.78
4155,1.78
4156,1.78
4157,1.78
4158,1.78
4159,1.78
4160,1.78
4161,1.78
4162,1.78
4163,1.78
4164,1.78
4165,1.78
4166,1.78
4167,1.78
4168,1.78
4169,1.78
4170,1.78
4171,1.78
4172,1.78
4173,1.78
4174,1.78
4175,1.78
4176,1.78
4177,1.78
4178,1.78
4179,1.78
4180,1.78
4181,1.78
4182,1.78
4183,1.78
4184,1.78
4185,1.78
4186,1.78
4187,1.78
4188,1.78
4189,1.78
4190,1.78
4191,1.78
4192,1.78
4193,1.78
4194,1.78
4195,1.78
4196,1.78
4197,1.78
4198,1.78
4199,1.78
4200,1.78
4201,1.78
4202,1.78
4203,1.78
4204,1.78
4205,1.78
4206,1.78
4207,1.78
4208,1.78
4209,1.78
4210,1.78
4211,1.78
4212,1.78
4213,1.78
4214,1.78
4215,1.78
4216,1.78
4217,1.78
4218,1.78
4219,1.78
4220,1.78
4221,1.78
4222,1.78
4223,1.78
4224,1.78
4225,1.78
4226,1.78
4227,1.78
4228,1.78
4229,1.78
4230,1.78
4231,1.78
4232,1.78
4233,1.78
4234,1.78
4235,1.78
4236,1.78
4237,1.78
4238,1.78
4239,1.78
4240,1.78
4241,1.78
4242,1.78
4243,1.78
4244,1.78
4245,1.78
4246,1.78
4247,1.78
4248,1.78
4249,1.78
4250,1.78
4251,1.78
4252,1.78
4253,1.78
4254,1.78
4255,1.78
4256,1.78
4257,1.78
4258,1.78
4259,1.78
4260,1.78
4261,1.78
4262,1.78
4263,1.78
4264,1.78
4265,1.78
4266,1.78
4267,1.78
4268,1.78
4269,1.78
4270,1.78
4271,1.78
4272,1.78
4273,1.78
4274,1.78
4275,1.78
4276,1.78
4277,1.78
4278,1.78
4279,1.78
4280,1.78
4281,1.78
4282,1.78
4283,1.78
4284,1.78
4285,1.78
4286,1.78
4287,1.78
4288,1.78
4289,1.78
4290,1.78
4291,1.78
4292,1.78
4293,1.78
4294,1.78
4295,1.78
4296,1.78
4297,1.78
4298,1.78
4299,1.78
4300,1.78
4301,1.78
4302,1.78
4303,1.78
4304,1.78
4305,1.78
4306,1.78
4307,1.78
4308,1.78
4309,1.78
4310,1.78
4311,1.78
4312,1.78
4313,1.78
4314,1.78
4315,1.78
4316,1.78
4317,1.78
4318,1.78
4319,1.78
4320,1.78
4321,1.78
4322,1.78
4323,1.78
4324,1.78
4325,1.78
4326,1.78
4327,1.78
4328,1.78
4329,1.78
4330,1.78
4331,1.78
4332,1.78
4333,1.78
4334,1.78
4335,1.78
4336,1.78
4337,1.78
4338,1.78
4339,1.78
4340,1.78
4341,1.78
4342,1.78
4343,1.78
4344,1.78
4345,1.78
4346,1.78
4347,1.78
4348,1.78
4349,1.78
4350,1.78
4351,1.78
4352,1.78
4353,1.78
4354,1.78
4355,1.78
4356,1.78
4357,1.78
4358,1.78
4359,1.78
4360,1.78
4361,1.78
4362,1.78
4363,1.78
4364,1.78
4365,1.78
4366,1.78
4367,1.78
4368,1.78
4369,1.78
4370,1.78
4371,1.78
4372,1.78
4373,1.78
4374,1.78
4375,1.78
4376,1.78
4377,1.78
4378,1.78
4379,1.78
4380,1.78
4381,1.78
4382,1.78
4383,1.78
4384,1.78
4385,1.78
4386,1.78
4387,1.78
4388,1.78
4389,1.78
4390,1.78
4391,1.78
4392,1.78
4393,1.78
4394,1.78
4395,1.78
4396,1.78
4397,1.78
4398,1.78
4399,1.78
4400,1.78
4401,1.78
4402,1.78
4403,1.85
4404,1.85
4405,1.85
4406,1.85
4407,1.85
4408,1.85
4409,1.85
4410,1.85
4411,1.85
4412,1.85
4413,1.85
4414,1.85
4415,1.85
4416,1.85
4417,1.85
4418,1.85
4419,1.85
4420,1.85
4421,1.85
4422,1.85
4423,1.85
4424,1.85
4425,1.85
4426,1.85
4427,1.85
4428,1.85
4429,1.85
4430,1.85
4431,1.85
4432,1.85
4433,1.85
4434,1.85
4435,1.85
4436,1.85
4437,1.85
4438,1.85
4439,1.85
4440,1.85
4441,1.85
4442,1.85
4443,1.85
4444,1.85
4445,1.85
4446,1.85
4447,1.85
4448,1.85
4449,1.85
4450,1.85
4451,1.85
4452,1.85
4453,1.85
4454,1.85
4455,1.85
4456,1.85
4457,1.85
4458,1.85
4459,1.85
4460,1.85
4461,1.85
4462,1.85
4463,1.85
4464,1.85
4465,1.85
4466,1.85
4467,1.85
4468,1.85
4469,1.85
4470,1.85
4471,1.85
4472,1.85
4473,1.85
4474,1.85
4475,1.85
4476,1.85
4477,1.85
4478,1.85
4479,1.85
4480,1.85
4481,1.85
4482,1.85
4483,1.85
4484,1.85
4485,1.85
4486,1.85
4487,1.85
4488,1.85
4489,1.85
4490,1.85
4491,1.85
4492,1.85
4493,1.85
4494,1.85
4495,1.85
4496,1.85
4497,1.85
4498,1.85
4499,1.85
4500,1.85
4501,1.85
4502,1.85
4503,1.85
4504,1.85
4505,1.85
4506,1.85
4507,1.85
4508,1.85
4509,1.85
4510,1.85
4511,1.85
4512,1.85
4513,1.85
4514,1.85
4515,1.85
4516,1.85
4517,1.85
4518,1.85
4519,1.85
4520,1.85
4521,1.85
4522,1.85
4523,1.85
4524,1.85
4525,1.85
4526,1.85
4527,1.85
4528,1.85
4529,1.85
4530,1.85
4531,1.85
4532,1.85
4533,1.85
4534,1.85
4535,1.85
4536,1.85
4537,1.85
4538,1.85
4539,1.85
4540,1.85
4541,1.85
4542,1.85
4543,1.85
4544,1.85
4545,1.85
4546,1.85
4547,1.85
4548,1.85
4549,1.85
4550,1.85
4551,1.85
4552,1.85
4553,1.85
4554,1.85
4555,1.85
4556,1.85
4557,1.85
4558,1.85
4559,1.85
4560,1.85
4561,1.85
4562,1.85
4563,1.85
4564,1.85
4565,1.85
4566,1.85
4567,1.85
4568,1.85
4569,1.85
4570,1.85
4571,1.85
4572,1.85
4573,1.85
4574,1.85
4575,1.85
4576,1.85
4577,1.85
4578,1.85
4579,1.85
4580,1.85
4581,1.85
4582,1.85
4583,1.85
4584,1.85
4585,1.85
4586,1.85
4587,1.85
4588,1.85
4589,1.85
4590,1.85
4591,1.85
4592,1.85
4593,1.85
4594,1.85
4595,1.85
4596,1.85
4597,1.85
4598,1.85
4599,1.85
4600,1.85
4601,1.85
4602,1.85
4603,1.85
4604,1.85
4605,1.85
4606,1.85
4607,1.85
4608,1.85
4609,1.85
4610,1.85
4611,1.85
4612,1.85
4613,1.85
4614,1.85
4615,1.85
4616,1.85
4617,1.85
4618,1.85
4619,1.85
4620,1.85
4621,1.85
4622,1.85
4623,1.85
4624,1.85
4625,1.85
4626,1.85
4627,1.85
4628,1.85
4629,1.85
4630,1.85
4631,1.85
4632,1.85
4633,1.85
4634,1.85
4635,1.85
4636,1.85
4637,1.85
4638,1.85
4639,1.85
4640,1.85
4641,1.85
4642,1.85
4643,1.85
4644,1.85
4645,1.85
4646,1.85
4647,1.85
4648,1.85
4649,1.85
4650,1.85
4651,1.85
4652,1.85
4653,1.85
4654,1.85
4655,1.85
4656,1.85
4657,1.85
4658,1.85
4659,1.85
4660,1.85
4661,1.85
4662,1.85
4663,1.85
4664,1.85
4665,1.85
4666,1.85
4667,1.85
4668,1.85
4669,1.85
4670,1.85
4671,1.85
4672,1.85
4673,1.85
4674,1.85
4675,1.85
4676,1.85
4677,1.85
4678,1.85
4679,1.85
4680,1.85
4681,1.85
4682,1.85
4683,1.85
4684,1.85
4685,1.85
4686,1.85
4687,1.85
4688,1.85
4689,1.85
4690,1.85
4691,1.85
4692,1.85
4693,1.85
4694,1.85
4695,1.85
4696,1.85
4697,1.85
4698,1.85
4699,1.85
4700,1.85
4701,1.85
4702,1.85
4703,1.85
4704,1.85
4705,1.85
4706,1.85
4707,1.85
4708,1.85
4709,1.85
4710,1.85
4711,1.85
4712,1.85
4713,1.85
4714,1.85
4715,1.85
4716,1.85
4717,1.85
4718,1.85
4719,1.85
4720,1.85
4721,1.85
4722,1.85
4723,1.85
4724,1.85
4725,1.85
4726,1.85
4727,1.85
4728,1.85
4729,1.85
4730,1.85
4731,1.85
4732,1.85
4733,1.85
4734,1.85
4735,1.85
4736,1.85
4737,1.85
4738,1.85
4739,1.85
4740,1.85
4741,1.85
4742,1.85
4743,1.85
4744,1.85
4745,1.85
4746,1.85
4747,1.85
4748,1.85
4749,1.85
4750,1.85
4751,1.85
4752,1.85
4753,1.85
4754,1.85
4755,1.85
4756,1.85
4757,1.85
4758,1.85
4759,1.85
4760,1.85
4761,1.85
4762,1.85
4763,1.85
4764,1.85
4765,1.85
4766,1.85
4767,1.85
4768,1.85
4769,1.85
4770,1.85
4771,1.85
4772,1.85
4773,1.85
4774,1.85
4775,1.85
4776,1.85
4777,1.85
4778,1.85
4779,1.85
4780,1.85
4781,1.85
4782,1.85
4783,1.85
4784,1.85
4785,1.85
4786,1.85
4787,1.85
4788,1.85
4789,1.85
4790,1.85
4791,1.85
4792,1.85
4793,1.85
4794,1.85
4795,1.85
4796,1.85
4797,1.85
4798,1.85
4799,1.85
4800,1.85
4801,1.85
4802,1.85
4803,1.85
4804,1.85
4805,1.85
4806,1.85
4807,1.85
4808,1.85
4809,1.85
4810,1.85
4811,1.85
4812,1.85
4813,1.85
4814,1.85
4815,1.85
4816,1.85
4817,1.85
4818,1.85
4819,1.85
4820,1.85
4821,1.85
4822,1.85
4823,1.85
4824,1.85
4825,1.85
4826,1.85
4827,1.85
4828,1.85
4829,1.85
4830,1.85
4831,1.85
4832,1.85
4833,1.85
4834,1.85
4835,1.85
4836,1.85
4837,1.85
4838,1.85
4839,1.85
4840,1.85
4841,1.85
4842,1.85
4843,1.85
4844,1.85
4845,1.85
4846,1.85
4847,1.85
4848,1.85
4849,1.85
4850,1.85
4851,1.85
4852,1.85
4853,1.85
4854,1.85
4855,1.85
4856,1.85
4857,1.85
4858,1.85
4859,1.85
4860,1.85
4861,1.85
4862,1.85
4863,1.85
4864,1.85
4865,1.85
4866,1.85
4867,1.85
4868,1.85
4869,1.85
4870,1.85
4871,1.85
4872,1.85
4873,1.85
4874,1.85
4875,1.85
4876,1.85
4877,1.85
4878,1.85
4879,1.85
4880,1.85
4881,1.85
4882,1.85
4883,1.85
4884,1.85
4885,1.85
4886,1.85
4887,1.85
4888,1.85
4889,1.85
4890,1.85
4891,1.85
4892,1.85
4893,1.85
4894,1.85
4895,1.85
4896,1.85
4897,1.85
4898,1.85
4899,1.85
4900,1.85
4901,1.85
4902,1.85
4903,1.85
4904,1.85
4905,1.85
4906,1.85
4907,1.85
4908,1.85
4909,1.85
4910,1.85
4911,1.85
4912,1.85
4913,1.85
4914,1.85
4915,1.85
4916,1.85
4917,1.85
4918,1.85
4919,1.85
4920,1.85
4921,1.85
4922,1.85
4923,1.63
4924,1.63
4925,1.63
4926,1.63
4927,1.63
4928,1.63
4929,1.63
4930,1.63
4931,1.63
4932,1.63
4933,1.63
4934,1.63
4935,1.63
4936,1.63
4937,1.63
4938,1.63
4939,1.63
4940,1.63
4941,1.63
4942,1.63
4943,1.63
4944,1.63
4945,1.63
4946,1.63
4947,1.63
4948,1.63
4949,1.63
4950,1.63
4951,1.63
4952,1.63
4953,1.63
4954,1.63
4955,1.63
4956,1.63
4957,1.63
4958,1.63
4959,1.63
4960,1.63
4961,1.63
4962,1.63
4963,1.63
4964,1.63
4965,1.63
4966,1.63
4967,1.63
4968,1.63
4969,1.63
4970,1.63
4971,1.63
4972,1.63
4973,1.63
4974,1.63
4975,1.63
4976,1.63
4977,1.63
4978,1.63
4979,1.63
4980,1.63
4981,1.63
4982,1.63
4983,1.63
4984,1.63
4985,1.63
4986,1.63
4987,1.63
4988,1.63
4989,1.63
4990,1.63
4991,1.63
4992,1.63
4993,1.63
4994,1.63
4995,1.63
4996,1.63
4997,1.63
4998,1.63
4999,1.63
5000,1.63
5001,1.63
5002,1.63
5003,1.63
5004,1.63
5005,1.63
5006,1.63
5007,1.63
5008,1.63
5009,1.63
5010,1.63
5011,1.63
5012,1.63
5013,1.63
5014,1.63
5015,1.63
5016,1.63
5017,1.63
5018,1.63
5019,1.63
5020,1.63
5021,1.63
5022,1.63
5023,1.63
5024,1.63
5025,1.63
5026,1.63
5027,1.63
5028,1.63
5029,1.63
5030,1.63
5031,1.63
5032,1.63
5033,1.63
5034,1.63
5035,1.63
5036,1.63
5037,1.63
5038,1.63
5039,1.63
5040,1.63
5041,1.63
5042,1.63
5043,1.63
5044,1.63
5045,1.63
5046,1.63
5047,1.63
5048,1.63
5049,1.63
5050,1.63
5051,1.63
5052,1.63
5053,1.63
5054,1.63
5055,1.63
5056,1.63
5057,1.63
5058,1.63
5059,1.63
5060,1.63
5061,1.63
5062,1.63
5063,1.63
5064,1.63
5065,1.63
5066,1.63
5067,1.63
5068,1.63
5069,1.63
5070,1.63
5071,1.63
5072,1.63
5073,1.63
5074,1.63
5075,1.63
5076,1.63
5077,1.63
5078,1.63
5079,1.63
5080,1.63
5081,1.63
5082,1.63
5083,1.63
5084,1.63
5085,1.63
5086,1.63
5087,1.63
5088,1.63
5089,1.63
5090,1.63
5091,1.63
5092,1.63
5093,1.63
5094,1.63
5095,1.63
5096,1.63
5097,1.63
5098,1.63
5099,1.63
5100,1.63
5101,1.63
5102,1.63
5103,1.63
5104,1.63
5105,1.63
5106,1.63
5107,1.63
5108,1.63
5109,1.63
5110,1.63
5111,1.63
5112,1.63
5113,1.63
5114,1.63
5115,1.63
5116,1.63
5117,1.63
5118,1.63
5119,1.63
5120,1.63
5121,1.63
5122,1.63
5123,1.63
5124,1.63
5125,1.63
5126,1.63
5127,1.63
5128,1.63
5129,1.63
5130,1.63
5131,1.63
5132,1.63
5133,1.63
5134,1.63
5135,1.63
5136,1.63
5137,1.63
5138,1.63
5139,1.63
5140,1.63
5141,1.63
5142,1.63
5143,1.63
5144,1.63
5145,1.63
5146,1.63
5147,1.63
5148,1.63
5149,1.63
5150,1.63
5151,1.63
5152,1.63
5153,1.63
5154,1.63
5155,1.63
5156,1.63
5157,1.63
5158,1.63
5159,1.63
5160,1.63
5161,1.63
5162,1.63
5163,1.63
5164,1.63
5165,1.63
5166,1.63
5167,1.63
5168,1.63
5169,1.63
5170,1.63
5171,1.63
5172,1.63
5173,1.63
5174,1.63
5175,1.63
5176,1.63
5177,1.63
5178,1.63
5179,1.63
5180,1.63
5181,1.63
5182,1.63
5183,1.63
5184,1.63
5185,1.63
5186,1.63
5187,1.63
5188,1.63
5189,1.63
5190,1.63
5191,1.63
5192,1.63
5193,1.63
5194,1.63
5195,1.63
5196,1.63
5197,1.63
5198,1.63
5199,1.63
5200,1.63
5201,1.63
5202,1.63
5203,1.63
5204,1.63
5205,1.63
5206,1.63
5207,1.63
5208,1.63
5209,1.63
5210,1.63
5211,1.63
5212,1.63
5213,1.63
5214,1.63
5215,1.63
5216,1.63
5217,1.63
5218,1.63
5219,1.63
5220,1.63
5221,1.63
5222,1.63
5223,1.63
5224,1.63
5225,1.63
5226,1.63
5227,1.63
5228,1.63
5229,1.63
5230,1.63
5231,1.63
5232,1.63
5233,1.63
5234,1.63
5235,1.63
5236,1.63
5237,1.63
5238,1.63
5239,1.63
5240,1.63
5241,1.63
5242,1.63
5243,1.63
5244,1.63
5245,1.63
5246,1.63
5247,1.63
5248,1.63
5249,1.63
5250,1.63
5251,1.63
5252,1.63
5253,1.63
5254,1.63
5255,1.63
5256,1.63
5257,1.63
5258,1.63
5259,1.63
5260,1.63
5261,1.63
5262,1.63
5263,1.63
5264,1.63
5265,1.63
5266,1.63
5267,1.63
5268,1.63
5269,1.63
5270,1.63
5271,1.63
5272,1.63
5273,1.63
5274,1.63
5275,1.63
5276,1.63
5277,1.63
5278,1.63
5279,1.63
5280,1.63
5281,1.63
5282,1.63
5283,1.63
5284,1.63
5285,1.63
5286,1.63
5287,1.63
5288,1.63
5289,1.63
5290,1.63
5291,1.63
5292,1.63
5293,1.63
5294,1.63
5295,1.63
5296,1.63
5297,1.63
5298,1.63
5299,1.63
5300,1.63
5301,1.63
5302,1.63
5303,1.63
5304,1.63
5305,1.63
5306,1.63
5307,1.63
5308,1.63
5309,1.63
5310,1.63
5311,1.63
5312,1.63
5313,1.63
5314,1.63
5315,1.63
5316,1.63
5317,1.63
5318,1.63
5319,1.63
5320,1.63
5321,1.63
5322,1.63
5323,1.63
5324,1.63
5325,1.63
5326,1.63
5327,1.63
5328,1.63
5329,1.63
5330,1.63
5331,1.63
5332,1.63
5333,1.63
5334,1.63
5335,1.63
5336,1.63
5337,1.63
5338,1.63
5339,1.63
5340,1.63
5341,1.63
5342,1.63
5343,1.63
5344,1.63
5345,1.63
5346,1.63
5347,1.63
5348,1.63
5349,1.63
5350,1.63
5351,1.63
5352,1.63
5353,1.63
5354,1.63
5355,1.63
5356,1.63
5357,1.63
5358,1.63
5359,1.63
5360,1.63
5361,1.63
5362,1.63
5363,1.63
5364,1.63
5365,1.63
5366,1.63
5367,1.63
5368,1.63
5369,1.63
5370,1.63
5371,1.63
5372,1.63
5373,1.63
5374,1.63
5375,1.63
5376,1.63
5377,1.63
5378,1.63
5379,1.63
5380,1.63
5381,1.63
5382,1.63
5383,1.63
5384,1.63
5385,1.63
5386,1.63
5387,1.63
5388,1.63
5389,1.63
5390,1.63
5391,1.63
5392,1.63
5393,1.63
5394,1.63
5395,1.63
5396,1.63
5397,1.63
5398,1.63
5399,1.63
5400,1.63
5401,1.63
5402,1.63
5403,1.63
5404,1.63
5405,1.63
5406,1.63
5407,1.63
5408,1.63
5409,1.63
5410,1.63
5411,1.63
5412,1.63
5413,1.63
5414,1.63
5415,1.63
5416,1.63
5417,1.63
5418,1.63
5419,1.63
5420,1.63
5421,1.63
5422,1.63
5423,1.63
5424,1.63
5425,1.63
5426,1.63
5427,1.63
5428,1.63
5429,1.63
5430,1.63
5431,1.63
5432,1.63
5433,1.63
5434,1.63
5435,1.63
5436,1.63
5437,1.63
5438,1.63
5439,1.63
5440,1.63
5441,1.63
5442,1.63
5443,1.63
5444,1.63
5445,1.63
5446,1.63
5447,1.63
5448,1.63
5449,1.63
5450,1.63
5451,1.63
5452,1.63
5453,1.63
5454,1.63
5455,1.63
5456,1.63
5457,1.63
5458,1.63
5459,1.63
5460,1.63
5461,1.63
5462,1.63
5463,1.63
5464,1.63
5465,1.63
5466,1.63
5467,1.63
5468,1.63
5469,1.63
5470,1.63
5471,1.63
5472,1.63
5473,1.63
5474,1.63
5475,1.63
5476,1.63
5477,1.63
5478,1.63
5479,1.63
5480,1.63
5481,1.63
5482,1.63
5483,1.63
5484,1.63
5485,1.63
5486,1.63
5487,1.63
5488,1.63
5489,1.63
5490,1.63
5491,1.63
5492,1.63
5493,1.63
5494,1.63
5495,1.63
5496,1.63
5497,1.63
5498,1.63
5499,1.63
5500,1.63
5501,1.63
5502,1.63
5503,1.63
5504,1.63
5505,1.63
5506,1.63
5507,1.63
5508,1.63
5509,1.63
5510,1.63
5511,1.63
5512,1.63
5513,1.63
5514,1.63
5515,1.63
5516,1.63
5517,1.63
5518,1.63
5519,1.63
5520,1.63
5521,1.63
5522,1.63
5523,1.63
5524,1.63
5525,1.63
5526,1.63
5527,1.63
5528,1.63
5529,1.63
5530,1.63
5531,1.63
5532,1.63
5533,1.63
5534,1.63
5535,1.63
5536,1.63
5537,1.63
5538,1.63
5539,1.63
5540,1.63
5541,1.63
5542,1.63
5543,1.63
5544,1.63
5545,1.63
5546,1.63
5547,1.63
5548,1.63
5549,1.63
5550,1.63
5551,1.63
5552,1.63
5553,1.63
5554,1.63
5555,1.63
5556,1.63
5557,1.63
5558,1.63
5559,1.63
5560,1.63
5561,1.63
5562,1.63
5563,1.63
5564,1.63
5565,1.63
5566,1.63
5567,1.63
5568,1.63
5569,1.63
5570,1.63
5571,1.63
5572,1.63
5573,0.63
5574,0.63
5575,0.63
5576,0.63
5577,0.63
5578,0.63
5579,0.63
5580,0.63
5581,0.63
5582,0.63
5583,0.63
5584,0.63
5585,0.63
5586,0.63
5587,0.63
5588,0.63
5589,0.63
5590,0.63
5591,0.63
5592,0.63
5593,0.63
5594,0.63
5595,0.63
5596,0.63
5597,0.63
5598,0.63
5599,0.63
5600,0.63
5601,0.63
5602,0.63
5603,0.63
5604,0.63
5605,0.63
5606,0.63
5607,0.63
5608,0.63
5609,0.63
5610,0.63
5611,0.63
5612,0.63
5613,0.63
5614,0.63
5615,0.63
5616,0.63
5617,0.63
5618,0.63
5619,0.63
5620,0.63
5621,0.63
5622,0.63
5623,0.63
5624,0.63
5625,0.63
5626,0.63
5627,0.63
5628,0.63
5629,0.63
5630,0.63
5631,0.63
5632,0.63
5633,0.63
5634,0.63
5635,0.63
5636,0.63
5637,0.63
5638,0.63
5639,0.63
5640,0.63
5641,0.63
5642,0.63
5643,0.63
5644,0.63
5645,0.63
5646,0.63
5647,0.63
5648,0.63
5649,0.63
5650,0.63
5651,0.63
5652,0.63
5653,0.63
5654,0.63
5655,0.63
5656,0.63
5657,0.63
5658,0.63
5659,0.63
5660,0.63
5661,0.63
5662,0.63
5663,0.63
5664,0.63
5665,0.63
5666,0.63
5667,0.63
5668,0.63
5669,0.63
5670,0.63
5671,0.63
5672,0.63
5673,0.63
5674,0.63
5675,0.63
5676,0.63
5677,0.63
5678,0.63
5679,0.63
5680,0.63
5681,0.63
5682,0.63
5683,0.63
5684,0.63
5685,0.63
5686,0.63
5687,0.63
5688,0.63
5689,0.63
5690,0.63
5691,0.63
5692,0.63
5693,0.63
5694,0.63
5695,0.63
5696,0.63
5697,0.63
5698,0.63
5699,0.63
5700,0.63
5701,0.63
5702,0.63
5703,0.63
5704,0.63
5705,0.63
5706,0.63
5707,0.63
5708,0.63
5709,0.63
5710,0.63
5711,0.63
5712,0.63
5713,0.63
5714,0.63
5715,0.63
5716,0.63
5717,0.63
5718,0.63
5719,0.63
5720,0.63
5721,0.63
5722,0.63
5723,0.63
5724,0.63
5725,0.63
5726,0.63
5727,0.63
5728,0.63
5729,0.63
5730,0.63
5731,0.63
5732,0.63
5733,0.63
5734,0.63
5735,0.63
5736,0.63
5737,0.63
5738,0.63
5739,0.63
5740,0.63
5741,0.63
5742,0.63
5743,0.63
5744,0.63
5745,0.63
5746,0.63
5747,0.63
5748,0.63
5749,0.63
5750,0.63
5751,0.63
5752,0.63
5753,0.63
5754,0.63
5755,0.63
5756,0.63
5757,0.63
5758,0.63
5759,0.63
5760,0.63
5761,0.63
5762,0.63
5763,0.63
5764,0.63
5765,0.63
5766,0.63
5767,0.63
5768,0.63
5769,0.63
5770,0.63
5771,0.63
5772,0.63
5773,0.63
5774,0.63
5775,0.63
5776,0.63
5777,0.63
5778,0.63
5779,0.63
5780,0.63
5781,0.63
5782,0.63
5783,0.63
5784,0.63
5785,0.63
5786,0.63
5787,0.63
5788,0.63
5789,0.63
5790,0.63
5791,0.63
5792,0.63
5793,0.63
5794,0.63
5795,0.63
5796,0.63
5797,0.63
5798,0.63
5799,0.63
5800,0.63
5801,0.63
5802,0.63
5803,0.63
5804,0.63
5805,0.63
5806,0.63
5807,0.63
5808,0.63
5809,0.63
5810,0.63
5811,0.63
5812,0.63
5813,0.63
5814,0.63
5815,0.63
5816,0.63
5817,0.63
5818,0.63
5819,0.63
5820,0.63
5821,0.63
5822,0.63
5823,0.63
5824,0.63
5825,0.63
5826,0.63
5827,0.63
5828,0.63
5829,0.63
5830,0.63
5831,0.63
5832,0.63
5833,0.63
5834,0.63
5835,0.63
5836,0.63
5837,0.63
5838,0.63
5839,0.63
5840,0.63
5841,0.63
5842,0.63
5843,0.63
5844,0.63
5845,0.63
5846,0.63
5847,0.63
5848,0.63
5849,0.63
5850,0.63
5851,0.63
5852,0.63
5853,0.63
5854,0.63
5855,0.63
5856,0.63
5857,0.63
5858,0.63
5859,0.63
5860,0.63
5861,0.63
5862,0.63
5863,0.63
5864,0.63
5865,0.63
5866,0.63
5867,0.63
5868,0.63
5869,0.63
5870,0.63
5871,0.63
5872,0.63
5873,0.63
5874,0.63
5875,0.63
5876,0.63
5877,0.63
5878,0.63
5879,0.63
5880,0.63
5881,0.63
5882,0.63
5883,0.63
5884,0.63
5885,0.63
5886,0.63
5887,0.63
5888,0.63
5889,0.63
5890,0.63
5891,0.63
5892,0.63
5893,0.63
5894,0.63
5895,0.63
5896,0.63
5897,0.63
5898,0.63
5899,0.63
5900,0.63
5901,0.63
5902,0.63
5903,0.63
5904,0.63
5905,0.63
5906,0.63
5907,0.63
5908,0.63
5909,0.63
5910,0.63
5911,0.63
5912,0.63
5913,0.63
5914,0.63
5915,0.63
5916,0.63
5917,0.63
5918,0.63
5919,0.63
5920,0.63
5921,0.63
5922,0.63
5923,0.63
5924,0.63
5925,0.63
5926,0.63
5927,0.63
5928,0.63
5929,0.63
5930,0.63
5931,0.63
5932,0.63
5933,0.63
5934,0.63
5935,0.63
5936,0.63
5937,0.63
5938,0.63
5939,0.63
5940,0.63
5941,0.63
5942,0.63
5943,0.63
5944,0.63
5945,0.63
5946,0.63
5947,0.63
5948,0.63
5949,0.63
5950,0.63
5951,0.63
5952,0.63
5953,0.63
5954,0.63
5955,0.63
5956,0.63
5957,0.63
5958,0.63
5959,0.63
5960,0.63
5961,0.63
5962,0.63
5963,0.63
5964,0.63
5965,0.63
5966,0.63
5967,0.63
5968,0.63
5969,0.63
5970,0.63
5971,0.63
5972,0.63
5973,0.63
5974,0.63
5975,0.63
5976,0.63
5977,0.63
5978,0.63
5979,0.63
5980,0.63
5981,0.63
5982,0.63
5983,0.63
5984,0.63
5985,0.63
5986,0.63
5987,0.63
5988,0.63
5989,0.63
5990,0.63
5991,0.63
5992,0.63
5993,0.63
5994,0.63
5995,0.63
5996,0.63
5997,0.63
5998,0.63
5999,0.63
6000,0.63
6001,0.63
6002,0.63
6003,0.63
6004,0.63
6005,0.63
6006,0.63
6007,0.63
6008,0.63
6009,0.63
6010,0.63
6011,0.63
6012,0.63
6013,0.63
6014,0.63
6015,0.63
6016,0.63
6017,0.63
6018,0.63
6019,0.63
6020,0.63
6021,0.63
6022,0.63
6023,0.63
6024,0.63
6025,0.63
6026,0.63
6027,0.63
6028,0.63
6029,0.63
6030,0.63
6031,0.63
6032,0.63
6033,0.63
6034,0.63
6035,0.63
6036,0.63
6037,0.63
6038,0.63
6039,0.63
6040,0.63
6041,0.63
6042,0.63
6043,0.63
6044,0.63
6045,0.63
6046,0.63
6047,0.63
6048,0.63
6049,0.63
6050,0.63
6051,0.63
6052,0.63
6053,0.63
6054,0.63
6055,0.63
6056,0.63
6057,0.63
6058,0.63
6059,0.63
6060,0.63
6061,0.63
6062,0.63
6063,0.63
6064,0.63
6065,0.63
6066,0.63
6067,0.63
6068,0.63
6069,0.63
6070,0.63
6071,0.63
6072,0.63
6073,0.63
6074,0.63
6075,0.63
6076,0.63
6077,0.63
6078,0.63
6079,0.63
6080,0.63
6081,0.63
6082,0.63
6083,0.63
6084,0.63
6085,0.63
6086,0.63
6087,0.63
6088,0.63
6089,0.63
6090,0.63
6091,0.63
6092,0.63
6093,0.63
6094,0.63
6095,0.63
6096,0.63
6097,0.63
6098,0.63
6099,0.63
6100,0.63
6101,0.63
6102,0.63
6103,0.63
6104,0.63
6105,0.63
6106,0.63
6107,0.63
6108,0.63
6109,0.63
6110,0.63
6111,0.63
6112,0.63
6113,0.63
6114,0.63
6115,0.63
6116,0.63
6117,0.63
6118,0.63
6119,0.63
6120,0.63
6121,0.63
6122,0.63
6123,0.63
6124,0.63
6125,0.63
6126,0.63
6127,0.63
6128,0.63
6129,0.63
6130,0.63
6131,0.63
6132,0.63
6133,0.63
6134,0.63
6135,0.63
6136,0.63
6137,0.63
6138,0.63
6139,0.63
6140,0.63
6141,0.63
6142,0.63
6143,0.63
6144,0.63
6145,0.63
6146,0.63
6147,0.63
6148,0.63
6149,0.63
6150,0.63
6151,0.63
6152,0.63
6153,0.63
6154,0.63
6155,0.63
6156,0.63
6157,0.63
6158,0.63
6159,0.63
6160,0.63
6161,0.63
6162,0.63
6163,0.63
6164,0.63
6165,0.63
6166,0.63
6167,0.63
6168,0.63
6169,0.63
6170,0.63
6171,0.63
6172,0.63
6173,0.63
6174,0.63
6175,0.63
6176,0.63
6177,0.63
6178,0.63
6179,0.63
6180,0.63
6181,0.63
6182,0.63
6183,0.63
6184,0.63
6185,0.63
6186,0.63
6187,0.63
6188,0.63
6189,0.63
6190,0.63
6191,0.63
6192,0.63
6193,0.63
6194,0.63
6195,0.63
6196,0.63
6197,0.63
6198,0.63
6199,0.63
6200,0.63
6201,0.63
6202,0.63
6203,0.63
6204,0.63
6205,0.63
6206,0.63
6207,0.63
6208,0.63
6209,0.63
6210,0.63
6211,0.63
6212,0.63
6213,0.63
6214,0.63
6215,0.63
6216,0.63
6217,0.63
6218,0.63
6219,0.63
6220,0.63
6221,0.63
6222,0.63
6223,0.63
6224,0.63
6225,0.63
6226,0.63
6227,0.63
6228,0.63
6229,0.63
6230,0.63
6231,0.63
6232,0.63
6233,0.63
6234,0.63
6235,0.63
6236,0.63
6237,0.63
6238,0.63
6239,0.63
6240,0.63
6241,0.63
6242,0.63
6243,0.63
6244,0.63
6245,0.63
6246,0.63
6247,0.63
6248,0.63
6249,0.63
6250,0.63
6251,0.63
6252,0.63
6253,0.63
6254,0.63
6255,0.63
6256,0.63
6257,0.63
6258,0.63
6259,0.63
6260,0.63
6261,0.63
6262,0.63
6263,0.63
6264,0.63
6265,0.63
6266,0.63
6267,0.63
6268,0.63
6269,0.63
6270,0.63
6271,0.63
6272,0.63
6273,0.63
6274,0.63
6275,0.63
6276,0.63
6277,0.63
6278,0.63
6279,0.63
6280,0.63
6281,0.63
6282,0.63
6283,0.63
6284,0.63
6285,0.63
6286,0.63
6287,0.63
6288,0.63
6289,0.63
6290,0.63
6291,0.63
6292,0.63
6293,0.63
6294,0.63
6295,0.63
6296,0.63
6297,0.63
6298,0.63
6299,0.63
6300,0.63
6301,0.63
6302,0.63
6303,0.63
6304,0.63
6305,0.63
6306,0.63
6307,0.63
6308,0.63
6309,0.63
6310,0.63
6311,0.63
6312,0.63
6313,0.63
6314,0.63
6315,0.63
6316,-0.75
6317,-0.75
6318,-0.75
6319,-0.75
6320,-0.75
6321,-0.75
6322,-0.75
6323,-0.75
6324,-0.75
6325,-0.75
6326,-0.75
6327,-0.75
6328,-0.75
6329,-0.75
6330,-0.75
6331,-0.75
6332,-0.75
6333,-0.75
6334,-0.75
6335,-0.75
6336,-0.75
6337,-0.75
6338,-0.75
6339,-0.75
6340,-0.75
6341,-0.75
6342,-0.75
6343,-0.75
6344,-0.75
6345,-0.75
6346,-0.75
6347,-0.75
6348,-0.75
6349,-0.75
6350,-0.75
6351,-0.75
6352,-0.75
6353,-0.75
6354,-0.75
6355,-0.75
6356,-0.75
6357,-0.75
6358,-0.75
6359,-0.75
6360,-0.75
6361,-0.75
6362,-0.75
6363,-0.75
6364,-0.75
6365,-0.75
6366,-0.75
6367,-0.75
6368,-0.75
6369,-0.75
6370,-0.75
6371,-0.75
6372,-0.75
6373,-0.75
6374,-0.75
6375,-0.75
6376,-0.75
6377,-0.75
6378,-0.75
6379,-0.75
6380,-0.75
6381,-0.75
6382,-0.75
6383,-0.75
6384,-0.75
6385,-0.75
6386,-0.75
6387,-0.75
6388,-0.75
6389,-0.75
6390,-0.75
6391,-0.75
6392,-0.75
6393,-0.75
6394,-0.75
6395,-0.75
6396,-0.75
6397,-0.75
6398,-0.75
6399,-0.75
6400,-0.75
6401,-0.75
6402,-0.75
6403,-0.75
6404,-0.75
6405,-0.75
6406,-0.75
6407,-0.75
6408,-0.75
6409,-0.75
6410,-0.75
6411,-0.75
6412,-0.75
6413,-0.75
6414,-0.75
6415,-0.75
6416,-0.75
6417,-0.75
6418,-0.75
6419,-0.75
6420,-0.75
6421,-0.75
6422,-0.75
6423,-0.75
6424,-0.75
6425,-0.75
6426,-0.75
6427,-0.75
6428,-0.75
6429,-0.75
6430,-0.75
6431,-0.75
6432,-0.75
6433,-0.75
6434,-0.75
6435,-0.75
6436,-0.75
6437,-0.75
6438,-0.75
6439,-0.75
6440,-0.75
6441,-0.75
6442,-0.75
6443,-0.75
6444,-0.75
6445,-0.75
6446,-0.75
6447,-0.75
6448,-0.75
6449,-0.75
6450,-0.75
6451,-0.75
6452,-0.75
6453,-0.75
6454,-0.75
6455,-0.75
6456,-0.75
6457,-0.75
6458,-0.75
6459,-0.75
6460,-0.75
6461,-0.75
6462,-0.75
6463,-0.75
6464,-0.75
6465,-0.75
6466,-0.75
6467,-0.75
6468,-0.75
6469,-0.75
6470,-0.75
6471,-0.75
6472,-0.75
6473,-0.75
6474,-0.75
6475,-0.75
6476,-0.75
6477,-0.75
6478,-0.75
6479,-0.75
6480,-0.75
6481,-0.75
6482,-0.75
6483,-0.75
6484,-0.75
6485,-0.75
6486,-0.75
6487,-0.75
6488,-0.75
6489,-0.75
6490,-0.75
6491,-0.75
6492,-0.75
6493,-0.75
6494,-0.75
6495,-0.75
6496,-0.75
6497,-0.75
6498,-0.75
6499,-0.75
6500,-0.75
6501,-0.75
6502,-0.75
6503,-0.75
6504,-0.75
6505,-0.75
6506,-0.75
6507,-0.75
6508,-0.75
6509,-0.75
6510,-0.75
6511,-0.75
6512,-0.75
6513,-0.75
6514,-0.75
6515,-0.75
6516,-0.75
6517,-0.75
6518,-0.75
6519,-0.75
6520,-0.75
6521,-0.75
6522,-0.75
6523,-0.75
6524,-0.75
6525,-0.75
6526,-0.75
6527,-0.75
6528,-0.75
6529,-0.75
6530,-0.75
6531,-0.75
6532,-0.75
6533,-0.75
6534,-0.75
6535,-0.75
6536,-0.75
6537,-0.75
6538,-0.75
6539,-0.75
6540,-0.75
6541,-0.75
6542,-0.75
6543,-0.75
6544,-0.75
6545,-0.75
6546,-0.75
6547,-0.75
6548,-0.75
6549,-0.75
6550,-0.75
6551,-0.75
6552,-0.75
6553,-0.75
6554,-0.75
6555,-0.75
6556,-0.75
6557,-0.75
6558,-0.75
6559,-0.75
6560,-0.75
6561,-0.75
6562,-0.75
6563,-0.75
6564,-0.75
6565,-0.75
6566,-0.75
6567,-0.75
6568,-0.75
6569,-0.75
6570,-0.75
6571,-0.75
6572,-0.75
6573,-0.75
6574,-0.75
6575,-0.75
6576,-0.75
6577,-0.75
6578,-0.75
6579,-0.75
6580,-0.75
6581,-0.75
6582,-0.75
6583,-0.75
6584,-0.75
6585,-0.75
6586,-0.75
6587,-0.75
6588,-0.75
6589,-0.75
6590,-0.75
6591,-0.75
6592,-0.75
6593,-0.75
6594,-0.75
6595,-0.75
6596,-0.75
6597,-0.75
6598,-0.75
6599,-0.75
6600,-0.75
6601,-0.75
6602,-0.75
6603,-0.75
6604,-0.75
6605,-0.75
6606,-0.75
6607,-0.75
6608,-0.75
6609,-0.75
6610,-0.75
6611,-0.75
6612,-0.75
6613,-0.75
6614,-0.75
6615,-0.75
6616,-0.75
6617,-0.75
6618,-0.75
6619,-0.75
6620,-0.75
6621,-0.75
6622,-0.75
6623,-0.75
6624,-0.75
6625,-0.75
6626,-0.75
6627,-0.75
6628,-0.75
6629,-0.75
6630,-0.75
6631,-0.75
6632,-0.75
6633,-0.75
6634,-0.75
6635,-0.75
6636,-0.75
6637,-0.75
6638,-0.75
6639,-0.75
6640,-0.75
6641,-0.75
6642,-0.75
6643,-0.75
6644,-0.75
6645,-0.75
6646,-0.75
6647,-0.75
6648,-0.75
6649,-0.75
6650,-0.75
6651,-0.75
6652,-0.75
6653,-0.75
6654,-0.75
6655,-0.75
6656,-0.75
6657,-0.75
6658,-0.75
6659,-0.75
6660,-0.75
6661,-0.75
6662,-0.75
6663,-0.75
6664,-0.75
6665,-0.75
6666,-0.75
6667,-0.75
6668,-0.75
6669,-0.75
6670,-0.75
6671,-0.75
6672,-0.75
6673,-0.75
6674,-0.75
6675,-0.75
6676,-0.75
6677,-0.75
6678,-0.75
6679,-0.75
6680,-0.75
6681,-0.75
6682,-0.75
6683,-0.75
6684,-0.75
6685,-0.75
6686,-0.75
6687,-0.75
6688,-0.75
6689,-0.75
6690,-0.75
6691,-0.75
6692,-0.75
6693,-0.75
6694,-0.75
6695,-0.75
6696,-0.75
6697,-0.75
6698,-0.75
6699,-0.75
6700,-0.75
6701,-0.75
6702,-0.75
6703,-0.75
6704,-0.75
6705,-0.75
6706,-0.75
6707,-0.75
6708,-0.75
6709,-0.75
6710,-0.75
6711,-0.75
6712,-0.75
6713,-0.75
6714,-0.75
6715,-0.75
6716,-0.75
6717,-0.75
6718,-0.75
6719,-0.75
6720,-0.75
6721,-0.75
6722,-0.75
6723,-0.75
6724,-0.75
6725,-0.75
6726,-0.75
6727,-0.75
6728,-0.75
6729,-0.75
6730,-0.75
6731,-0.75
6732,-0.75
6733,-0.75
6734,-0.75
6735,-0.75
6736,-0.75
6737,-0.75
6738,-0.75
6739,-0.75
6740,-0.75
6741,-0.75
6742,-0.75
6743,-0.75
6744,-0.75
6745,-0.75
6746,-0.75
6747,-0.75
6748,-0.75
6749,-0.75
6750,-0.75
6751,-0.75
6752,-0.75
6753,-0.75
6754,-0.75
6755,-0.75
6756,-0.75
6757,-0.75
6758,-0.75
6759,-0.75
6760,-0.75
6761,-0.75
6762,-0.75
6763,-0.75
6764,-0.75
6765,-0.75
6766,-0.75
6767,-0.75
6768,-0.75
6769,-0.75
6770,-0.75
6771,-0.75
6772,-0.75
6773,-0.75
6774,-0.75
6775,-0.75
6776,-0.75
6777,-0.75
6778,-0.75
6779,-0.75
6780,-0.75
6781,-0.75
6782,-0.75
6783,-0.75
6784,-0.75
6785,-0.75
6786,-0.75
6787,-0.75
6788,-0.75
6789,-0.75
6790,-0.75
6791,-0.75
6792,-0.75
6793,-0.75
6794,-0.75
6795,-0.75
6796,-0.75
6797,-0.75
6798,-0.75
6799,-0.75
6800,-0.75
6801,-0.75
6802,-0.75
6803,-0.75
6804,-0.75
6805,-0.75
6806,-0.75
6807,-0.75
6808,-0.75
6809,-0.75
6810,-0.75
6811,-0.75
6812,-0.75
6813,-0.75
6814,-0.75
6815,-0.75
6816,-0.75
6817,-0.75
6818,-0.75
6819,-0.75
6820,-0.75
6821,-0.75
6822,-0.75
6823,-0.75
6824,-0.75
6825,-0.75
6826,-0.75
6827,-0.75
6828,-0.75
6829,-0.75
6830,-0.75
6831,-0.75
6832,-0.75
6833,-0.75
6834,-0.75
6835,-0.75
6836,-0.75
6837,-0.75
6838,-0.75
6839,-0.75
6840,-0.75
6841,-0.75
6842,-0.75
6843,-0.75
6844,-0.75
6845,-0.75
6846,-0.75
6847,-0.75
6848,-0.75
6849,-0.75
6850,-0.75
6851,-0.75
6852,-0.75
6853,-0.75
6854,-0.75
6855,-0.75
6856,-0.75
6857,-0.75
6858,-0.75
6859,-0.75
6860,-0.75
6861,-0.75
6862,-0.75
6863,-0.75
6864,-0.75
6865,-0.75
6866,-0.75
6867,-0.75
6868,-0.75
6869,-0.75
6870,-0.75
6871,-0.75
6872,-0.75
6873,-0.75
6874,-0.75
6875,-0.75
6876,-0.75
6877,-0.75
6878,-0.75
6879,-0.75
6880,-0.75
6881,-0.75
6882,-0.75
6883,-0.75
6884,-0.75
6885,-0.75
6886,-0.75
6887,-0.75
6888,-0.75
6889,-0.75
6890,-0.75
6891,-0.75
6892,-0.75
6893,-0.75
6894,-0.75
6895,-0.75
6896,-0.75
6897,-0.75
6898,-0.75
6899,-0.75
6900,-0.75
6901,-0.75
6902,-0.75
6903,-0.75
6904,-0.75
6905,-0.75
6906,-0.75
6907,-0.75
6908,-0.75
6909,-0.75
6910,-0.75
6911,-0.75
6912,-0.75
6913,-0.75
6914,-0.75
6915,-0.75
6916,-0.75
6917,-0.75
6918,-0.75
6919,-0.75
6920,-0.75
6921,-0.75
6922,-0.75
6923,-0.75
6924,-0.75
6925,-0.75
6926,-0.75
6927,-0.75
6928,-0.75
6929,-0.75
6930,-0.75
6931,-0.75
6932,-0.75
6933,-0.75
6934,-0.75
6935,-0.75
6936,-0.75
6937,-0.75
6938,-0.75
6939,-0.75
6940,-0.75
6941,-0.75
6942,-0.75
6943,-0.75
6944,-0.75
6945,-0.75
6946,-0.75
6947,-0.75
6948,-0.75
6949,-0.75
6950,-0.75
6951,-0.75
6952,-0.75
6953,-0.75
6954,-0.75
6955,-0.75
6956,-0.75
6957,-0.75
6958,-0.75
6959,-0.75
6960,-0.75
6961,-0.75
6962,-0.75
6963,-0.75
6964,-0.75
6965,-0.75
6966,-0.75
6967,-0.75
6968,-0.75
6969,-0.75
6970,-0.75
6971,-0.75
6972,-0.75
6973,-0.75
6974,-0.75
6975,-0.75
6976,-0.75
6977,-0.75
6978,-0.75
6979,-0.75
6980,-0.75
6981,-0.75
6982,-0.75
6983,-0.75
6984,-0.75
6985,-0.75
6986,-0.75
6987,-0.75
6988,-0.75
6989,-0.75
6990,-0.75
6991,-0.75
6992,-0.75
6993,-0.75
6994,-0.75
6995,-0.75
6996,-0.75
6997,-0.75
6998,-0.75
6999,-0.75
7000,-0.75
7001,-0.75
7002,-0.75
7003,-0.75
7004,-0.75
7005,-0.75
7006,-0.75
7007,-0.75
7008,-0.75
7009,-0.75
7010,-0.75
7011,-0.75
7012,-0.75
7013,-0.75
7014,-0.75
7015,-0.75
7016,-0.75
7017,-0.75
7018,-0.75
7019,-0.75
7020,-0.75
7021,-0.75
7022,-0.75
7023,-0.75
7024,-0.75
7025,-0.75
7026,-0.75
7027,-0.75
7028,-0.75
7029,-0.75
7030,-0.75
7031,-0.75
7032,-0.75
7033,-0.75
7034,-0.75
7035,-0.75
7036,-0.75
7037,-0.75
7038,-0.75
7039,-0.75
7040,-0.75
7041,-0.75
7042,-0.75
7043,-0.75
7044,-0.75
7045,-0.75
7046,-0.75
7047,-0.75
7048,-0.75
7049,-0.75
7050,-0.75
7051,-0.75
7052,-0.75
7053,-0.75
7054,-0.75
7055,-0.75
7056,-0.75
7057,-0.75
7058,-0.75
7059,-1.79
7060,-1.79
7061,-1.79
7062,-1.79
7063,-1.79
7064,-1.79
7065,-1.79
7066,-1.79
7067,-1.79
7068,-1.79
7069,-1.79
7070,-1.79
7071,-1.79
7072,-1.79
7073,-1.79
7074,-1.79
7075,-1.79
7076,-1.79
7077,-1.79
7078,-1.79
7079,-1.79
7080,-1.79
7081,-1.79
7082,-1.79
7083,-1.79
7084,-1.79
7085,-1.79
7086,-1.79
7087,-1.79
7088,-1.79
7089,-1.79
7090,-1.79
7091,-1.79
7092,-1.79
7093,-1.79
7094,-1.79
7095,-1.79
7096,-1.79
7097,-1.79
7098,-1.79
7099,-1.79
7100,-1.79
7101,-1.79
7102,-1.79
7103,-1.79
7104,-1.79
7105,-1.79
7106,-1.79
7107,-1.79
7108,-1.79
7109,-1.79
7110,-1.79
7111,-1.79
7112,-1.79
7113,-1.79
7114,-1.79
7115,-1.79
7116,-1.79
7117,-1.79
7118,-1.79
7119,-1.79
7120,-1.79
7121,-1.79
7122,-1.79
7123,-1.79
7124,-1.79
7125,-1.79
7126,-1.79
7127,-1.79
7128,-1.79
7129,-1.79
7130,-1.79
7131,-1.79
7132,-1.79
7133,-1.79
7134,-1.79
7135,-1.79
7136,-1.79
7137,-1.79
7138,-1.79
7139,-1.79
7140,-1.79
7141,-1.79
7142,-1.79
7143,-1.79
7144,-1.79
7145,-1.79
7146,-1.79
7147,-1.79
7148,-1.79
7149,-1.79
7150,-1.79
7151,-1.79
7152,-1.79
7153,-1.79
7154,-1.79
7155,-1.79
7156,-1.79
7157,-1.79
7158,-1.79
7159,-1.79
7160,-1.79
7161,-1.79
7162,-1.79
7163,-1.79
7164,-1.79
7165,-1.79
7166,-1.79
7167,-1.79
7168,-1.79
7169,-1.79
7170,-1.79
7171,-1.79
7172,-1.79
7173,-1.79
7174,-1.79
7175,-1.79
7176,-1.79
7177,-1.79
7178,-1.79
7179,-1.79
7180,-1.79
7181,-1.79
7182,-1.79
7183,-1.79
7184,-1.79
7185,-1.79
7186,-1.79
7187,-1.79
7188,-1.79
7189,-1.79
7190,-1.79
7191,-1.79
7192,-1.79
7193,-1.79
7194,-1.79
7195,-1.79
7196,-1.79
7197,-1.79
7198,-1.79
7199,-1.79
7200,-1.79
7201,-1.79
7202,-1.79
7203,-1.79
7204,-1.79
7205,-1.79
7206,-1.79
7207,-1.79
7208,-1.79
7209,-1.79
7210,-1.79
7211,-1.79
7212,-1.79
7213,-1.79
7214,-1.79
7215,-1.79
7216,-1.79
7217,-1.79
7218,-1.79
7219,-1.79
7220,-1.79
7221,-1.79
7222,-1.79
7223,-1.79
7224,-1.79
7225,-1.79
7226,-1.79
7227,-1.79
7228,-1.79
7229,-1.79
7230,-1.79
7231,-1.79
7232,-1.79
7233,-1.79
7234,-1.79
7235,-1.79
7236,-1.79
7237,-1.79
7238,-1.79
7239,-1.79
7240,-1.79
7241,-1.79
7242,-1.79
7243,-1.79
7244,-1.79
7245,-1.79
7246,-1.79
7247,-1.79
7248,-1.79
7249,-1.79
7250,-1.79
7251,-1.79
7252,-1.79
7253,-1.79
7254,-1.79
7255,-1.79
7256,-1.79
7257,-1.79
7258,-1.79
7259,-1.79
7260,-1.79
7261,-1.79
7262,-1.79
7263,-1.79
7264,-1.79
7265,-1.79
7266,-1.79
7267,-1.79
7268,-1.79
7269,-1.79
7270,-1.79
7271,-1.79
7272,-1.79
7273,-1.79
7274,-1.79
7275,-1.79
7276,-1.79
7277,-1.79
7278,-1.79
7279,-1.79
7280,-1.79
7281,-1.79
7282,-1.79
7283,-1.79
7284,-1.79
7285,-1.79
7286,-1.79
7287,-1.79
7288,-1.79
7289,-1.79
7290,-1.79
7291,-1.79
7292,-1.79
7293,-1.79
7294,-1.79
7295,-1.79
7296,-1.79
7297,-1.79
7298,-1.79
7299,-1.79
7300,-1.79
7301,-1.79
7302,-1.79
7303,-1.79
7304,-1.79
7305,-1.79
7306,-1.79
7307,-1.79
7308,-1.79
7309,-1.79
7310,-1.79
7311,-1.79
7312,-1.79
7313,-1.79
7314,-1.79
7315,-1.79
7316,-1.79
7317,-1.79
7318,-1.79
7319,-1.79
7320,-1.79
7321,-1.79
7322,-1.79
7323,-1.79
7324,-1.79
7325,-1.79
7326,-1.79
7327,-1.79
7328,-1.79
7329,-1.79
7330,-1.79
7331,-1.79
7332,-1.79
7333,-1.79
7334,-1.79
7335,-1.79
7336,-1.79
7337,-1.79
7338,-1.79
7339,-1.79
7340,-1.79
7341,-1.79
7342,-1.79
7343,-1.79
7344,-1.79
7345,-1.79
7346,-1.79
7347,-1.79
7348,-1.79
7349,-1.79
7350,-1.79
7351,-1.79
7352,-1.79
7353,-1.79
7354,-1.79
7355,-1.79
7356,-1.79
7357,-1.79
7358,-1.79
7359,-1.79
7360,-1.79
7361,-1.79
7362,-1.79
7363,-1.79
7364,-1.79
7365,-1.79
7366,-1.79
7367,-1.79
7368,-1.79
7369,-1.79
7370,-1.79
7371,-1.79
7372,-1.79
7373,-1.79
7374,-1.79
7375,-1.79
7376,-1.79
7377,-1.79
7378,-1.79
7379,-1.79
7380,-1.79
7381,-1.79
7382,-1.79
7383,-1.79
7384,-1.79
7385,-1.79
7386,-1.79
7387,-1.79
7388,-1.79
7389,-1.79
7390,-1.79
7391,-1.79
7392,-1.79
7393,-1.79
7394,-1.79
7395,-1.79
7396,-1.79
7397,-1.79
7398,-1.79
7399,-1.79
7400,-1.79
7401,-1.79
7402,-1.79
7403,-1.79
7404,-1.79
7405,-1.79
7406,-1.79
7407,-1.79
7408,-1.79
7409,-1.79
7410,-1.79
7411,-1.79
7412,-1.79
7413,-1.79
7414,-1.79
7415,-1.79
7416,-1.79
7417,-1.79
7418,-1.79
7419,-1.79
7420,-1.79
7421,-1.79
7422,-1.79
7423,-1.79
7424,-1.79
7425,-1.79
7426,-1.79
7427,-1.79
7428,-1.79
7429,-1.79
7430,-1.79
7431,-1.79
7432,-1.79
7433,-1.79
7434,-1.79
7435,-1.79
7436,-1.79
7437,-1.79
7438,-1.79
7439,-1.79
7440,-1.79
7441,-1.79
7442,-1.79
7443,-1.79
7444,-1.79
7445,-1.79
7446,-1.79
7447,-1.79
7448,-1.79
7449,-1.79
7450,-1.79
7451,-1.79
7452,-1.79
7453,-1.79
7454,-1.79
7455,-1.79
7456,-1.79
7457,-1.79
7458,-1.79
7459,-1.79
7460,-1.79
7461,-1.79
7462,-1.79
7463,-1.79
7464,-1.79
7465,-1.79
7466,-1.79
7467,-1.79
7468,-1.79
7469,-1.79
7470,-1.79
7471,-1.79
7472,-1.79
7473,-1.79
7474,-1.79
7475,-1.79
7476,-1.79
7477,-1.79
7478,-1.79
7479,-1.79
7480,-1.79
7481,-1.79
7482,-1.79
7483,-1.79
7484,-1.79
7485,-1.79
7486,-1.79
7487,-1.79
7488,-1.79
7489,-1.79
7490,-1.79
7491,-1.79
7492,-1.79
7493,-1.79
7494,-1.79
7495,-1.79
7496,-1.79
7497,-1.79
7498,-1.79
7499,-1.79
7500,-1.79
7501,-1.79
7502,-1.79
7503,-1.79
7504,-1.79
7505,-1.79
7506,-1.79
7507,-1.79
7508,-1.79
7509,-1.79
7510,-1.79
7511,-1.79
7512,-1.79
7513,-1.79
7514,-1.79
7515,-1.79
7516,-1.79
7517,-1.79
7518,-1.79
7519,-1.79
7520,-1.79
7521,-1.79
7522,-1.79
7523,-1.79
7524,-1.79
7525,-1.79
7526,-1.79
7527,-1.79
7528,-1.79
7529,-1.79
7530,-1.79
7531,-1.79
7532,-1.79
7533,-1.79
7534,-1.79
7535,-1.79
7536,-1.79
7537,-1.79
7538,-1.79
7539,-1.79
7540,-1.79
7541,-1.79
7542,-1.79
7543,-1.79
7544,-1.79
7545,-1.79
7546,-1.79
7547,-1.79
7548,-1.79
7549,-1.79
7550,-1.79
7551,-1.79
7552,-1.79
7553,-1.79
7554,-1.79
7555,-1.79
7556,-1.79
7557,-1.79
7558,-1.79
7559,-1.79
7560,-1.79
7561,-1.79
7562,-1.79
7563,-1.79
7564,-1.79
7565,-1.79
7566,-1.79
7567,-1.79
7568,-1.79
7569,-1.79
7570,-1.79
7571,-1.79
7572,-1.79
7573,-1.79
7574,-1.79
7575,-1.79
7576,-1.79
7577,-1.79
7578,-1.79
7579,-1.79
7580,-1.79
7581,-1.79
7582,-1.79
7583,-1.79
7584,-1.79
7585,-1.79
7586,-1.79
7587,-1.79
7588,-1.79
7589,-1.79
7590,-1.79
7591,-1.79
7592,-1.79
7593,-1.79
7594,-1.79
7595,-1.79
7596,-1.79
7597,-1.79
7598,-1.79
7599,-1.79
7600,-1.79
7601,-1.79
7602,-1.79
7603,-1.79
7604,-1.79
7605,-1.79
7606,-1.79
7607,-1.79
7608,-1.79
7609,-1.79
7610,-1.79
7611,-1.79
7612,-1.79
7613,-1.79
7614,-1.79
7615,-1.79
7616,-1.79
7617,-1.79
7618,-1.79
7619,-1.79
7620,-1.79
7621,-1.79
7622,-1.79
7623,-1.79
7624,-1.79
7625,-1.79
7626,-1.79
7627,-1.79
7628,-1.79
7629,-1.79
7630,-1.79
7631,-1.79
7632,-1.79
7633,-1.79
7634,-1.79
7635,-1.79
7636,-1.79
7637,-1.79
7638,-1.79
7639,-1.79
7640,-1.79
7641,-1.79
7642,-1.79
7643,-1.79
7644,-1.79
7645,-1.79
7646,-1.79
7647,-1.79
7648,-1.79
7649,-1.79
7650,-1.79
7651,-1.79
7652,-1.79
7653,-1.79
7654,-1.79
7655,-1.79
7656,-1.79
7657,-1.79
7658,-1.79
7659,-1.79
7660,-1.79
7661,-1.79
7662,-1.79
7663,-1.79
7664,-1.79
7665,-1.79
7666,-1.79
7667,-1.79
7668,-1.79
7669,-1.79
7670,-1.79
7671,-1.79
7672,-1.79
7673,-1.79
7674,-1.79
7675,-1.79
7676,-1.79
7677,-1.79
7678,-1.79
7679,-1.79
7680,-1.79
7681,-1.79
7682,-1.79
7683,-1.79
7684,-1.79
7685,-1.79
7686,-1.79
7687,-1.79
7688,-1.79
7689,-1.79
7690,-1.79
7691,-1.79
7692,-1.79
7693,-1.79
7694,-1.79
7695,-1.79
7696,-1.79
7697,-1.79
7698,-1.79
7699,-1.79
7700,-1.79
7701,-1.79
7702,-1.79
7703,-1.79
7704,-1.79
7705,-1.79
7706,-1.79
7707,-1.79
7708,-1.79
7709,-1.79
7710,-1.79
7711,-1.79
7712,-1.79
7713,-1.79
7714,-1.79
7715,-1.79
7716,-1.79
7717,-1.79
7718,-1.79
7719,-1.79
7720,-1.79
7721,-1.79
7722,-1.79
7723,-1.79
7724,-1.79
7725,-1.79
7726,-1.79
7727,-1.79
7728,-1.79
7729,-1.79
7730,-1.79
7731,-1.79
7732,-1.79
7733,-1.79
7734,-1.79
7735,-1.79
7736,-1.79
7737,-1.79
7738,-1.79
7739,-1.79
7740,-1.79
7741,-1.79
7742,-1.79
7743,-1.79
7744,-1.79
7745,-1.79
7746,-1.79
7747,-1.79
7748,-1.79
7749,-1.79
7750,-1.79
7751,-1.79
7752,-1.79
7753,-1.79
7754,-1.79
7755,-1.79
7756,-1.79
7757,-1.79
7758,-1.79
7759,-1.79
7760,-1.79
7761,-1.79
7762,-1.79
7763,-1.79
7764,-1.79
7765,-1.79
7766,-1.79
7767,-1.79
7768,-1.79
7769,-1.79
7770,-1.79
7771,-1.79
7772,-1.79
7773,-1.79
7774,-1.79
7775,-1.79
7776,-1.79
7777,-1.79
7778,-1.79
7779,-1.79
7780,-1.79
7781,-1.79
7782,-1.79
7783,-1.79
7784,-1.79
7785,-1.79
7786,-1.79
7787,-1.79
7788,-1.79
7789,-1.79
7790,-1.79
7791,-1.79
7792,-1.79
7793,-1.79
7794,-1.79
7795,-1.79
7796,-1.79
7797,-1.79
7798,-1.79
7799,-1.79
7800,-1.79
7801,-1.79
7802,-1.79
7803,-1.79
7804,-1.79
7805,-1.79
7806,-1.79
7807,-1.79
7808,-1.79
7809,-1.79
7810,-1.79
7811,-1.79
7812,-1.79
7813,-1.79
7814,-1.79
7815,-1.79
7816,-1.79
7817,-1.79
7818,-1.79
7819,-1.79
7820,-1.79
7821,-1.79
7822,-1.79
7823,-1.79
7824,-1.79
7825,-1.79
7826,-1.79
7827,-1.79
7828,-1.79
7829,-1.79
7830,-1.79
7831,-1.79
7832,-1.79
7833,-1.79
7834,-1.79
7835,-1.79
7836,-1.79
7837,-1.79
7838,-1.79
7839,-1.79
7840,-1.79
7841,-1.79
7842,-1.79
7843,-1.79
7844,-1.79
7845,-1.79
7846,-1.79
7847,-1.79
7848,-1.79
7849,-1.79
7850,-1.79
7851,-1.79
7852,-1.79
7853,-1.79
7854,-1.79
7855,-1.79
7856,-1.79
7857,-1.79
7858,-1.79
7859,-1.79
7860,-1.79
7861,-1.79
7862,-1.79
7863,-1.79
7864,-1.79
7865,-1.79
7866,-1.79
7867,-1.79
7868,-1.79
7869,-1.79
7870,-1.79
7871,-1.79
7872,-1.79
7873,-1.79
7874,-1.79
7875,-1.79
7876,-1.79
7877,-1.79
7878,-1.79
7879,-1.79
7880,-1.79
7881,-1.79
7882,-1.79
7883,-1.79
7884,-1.79
7885,-1.79
7886,-1.79
7887,-1.79
7888,-1.79
7889,-1.79
7890,-1.79
7891,-1.79
7892,-1.79
7893,-1.79
7894,-1.79
7895,-1.79
7896,-1.79
7897,-1.79
7898,-1.79
7899,-1.79
7900,-1.79
7901,-1.79
7902,-1.79
7903,-1.79
7904,-1.79
7905,-1.79
7906,-1.79
7907,-1.79
7908,-1.79
7909,-1.79
7910,-1.79
7911,-1.79
7912,-1.79
7913,-1.79
7914,-1.79
7915,-1.79
7916,-1.79
7917,-1.79
7918,-1.79
7919,-1.79
7920,-1.79
7921,-1.79
7922,-1.79
7923,-1.79
7924,-1.79
7925,-1.79
7926,-1.79
7927,-1.79
7928,-1.79
7929,-1.79
7930,-1.79
7931,-1.79
7932,-1.79
7933,-1.79
7934,-1.79
7935,-1.79
7936,-1.79
7937,-1.79
7938,-1.79
7939,-1.79
7940,-1.79
7941,-1.79
7942,-1.79
7943,-1.79
7944,-1.79
7945,-1.79
7946,-1.79
7947,-1.79
7948,-1.79
7949,-1.79
7950,-1.79
7951,-1.79
7952,-1.79
7953,-1.79
7954,-1.79
7955,-1.79
7956,-1.79
7957,-1.79
7958,-1.79
7959,-1.79
7960,-1.79
7961,-1.79
7962,-1.79
7963,-1.79
7964,-1.79
7965,-1.79
7966,-1.79
7967,-1.79
7968,-1.79
7969,-1.79
7970,-1.79
7971,-1.79
7972,-1.79
7973,-1.79
7974,-1.79
7975,-1.79
7976,-1.79
7977,-1.79
7978,-1.79
7979,-1.79
7980,-1.79
7981,-1.79
7982,-1.79
7983,-1.79
7984,-1.79
7985,-1.79
7986,-1.79
7987,-1.79
7988,-1.79
7989,-1.79
7990,-1.79
7991,-1.79
7992,-1.79
7993,-1.79
7994,-1.79
7995,-1.79
7996,-1.79
7997,-1.79
7998,-1.79
7999,-1.79
8000,-1.79
8001,-1.79
8002,-1.79
8003,-1.79
8004,-1.79
8005,-1.79
8006,-1.79
8007,-1.79
8008,-1.79
8009,-1.79
8010,-1.79
8011,-1.79
8012,-1.79
8013,-1.79
8014,-1.79
8015,-1.79
8016,-1.79
8017,-1.79
8018,-1.79
8019,-1.79
8020,-1.79
8021,-1.79
8022,-1.79
8023,-1.79
8024,-1.79
8025,-1.79
8026,-1.79
8027,-1.79
8028,-1.79
8029,-1.79
8030,-1.79
8031,-1.79
8032,-1.79
8033,-1.79
8034,-1.79
8035,-1.79
8036,-1.79
8037,-1.79
8038,-1.79
8039,-1.79
8040,-1.79
8041,-1.79
8042,-1.79
8043,-1.79
8044,-1.79
8045,-1.79
8046,-1.79
8047,-1.79
8048,-1.79
8049,-1.79
8050,-1.79
8051,-1.79
8052,-1.79
8053,-1.79
8054,-1.79
8055,-1.79
8056,-1.79
8057,-1.79
8058,-1.79
8059,-1.79
8060,-1.79
8061,-1.79
8062,-1.79
8063,-1.79
8064,-1.79
8065,-1.79
8066,-1.79
8067,-1.79
8068,-1.79
8069,-1.79
8070,-1.79
8071,-1.79
8072,-1.79
8073,-1.79
8074,-1.79
8075,-1.79
8076,-1.79
8077,-1.79
8078,-1.79
8079,-1.79
8080,-1.79
8081,-1.79
8082,-1.79
8083,-1.79
8084,-1.79
8085,-1.79
8086,-1.79
8087,-1.79
8088,-1.79
8089,-1.79
8090,-1.79
8091,-1.79
8092,-1.79
8093,-1.79
8094,-1.79
8095,-1.79
8096,-1.79
8097,-1.79
8098,-1.79
8099,-1.79
8100,-1.79
8101,-1.79
8102,-1.79
8103,-1.79
8104,-1.79
8105,-1.79
8106,-1.79
8107,-1.79
8108,-1.79
8109,-1.79
8110,-1.79
8111,-1.79
8112,-1.79
8113,-1.79
8114,-1.79
8115,-1.79
8116,-1.79
8117,-1.79
8118,-1.79
8119,-1.79
8120,-1.79
8121,-1.79
8122,-1.79
8123,-1.79
8124,-1.79
8125,-1.79
8126,-1.79
8127,-1.79
8128,-1.79
8129,-1.79
8130,-1.79
8131,-1.79
8132,-1.79
8133,-1.79
8134,-1.79
8135,-1.79
8136,-1.79
8137,-1.79
8138,-1.79
8139,-1.79
8140,-1.79
8141,-1.79
8142,-1.79
8143,-1.79
8144,-1.79
8145,-1.79
8146,-1.79
8147,-1.79
8148,-1.79
8149,-1.79
8150,-1.79
8151,-1.79
8152,-1.79
8153,-1.79
8154,-1.79
8155,-1.79
8156,-1.79
8157,-1.79
8158,-1.79
8159,-1.79
8160,-1.79
8161,-1.79
8162,-1.79
8163,-1.79
8164,-1.79
8165,-1.79
8166,-1.79
8167,-1.79
8168,-1.79
8169,-1.79
8170,-1.79
8171,-1.79
8172,-1.79
8173,-1.79
8174,-1.79
8175,-1.79
8176,-1.79
8177,-1.79
8178,-1.79
8179,-1.79
8180,-1.79
8181,-1.79
8182,-1.79
8183,-1.79
8184,-1.79
8185,-1.79
8186,-1.79
8187,-1.79
8188,-1.79
8189,-1.79
8190,-1.79
8191,-1.79
8192,-1.79
