4,0.34
5,0.35
6,0.35
7,0.35
8,0.33
9,0.31
10,0.29
11,0.29
12,0.27
13,0.25
14,0.25
15,0.23
16,0.21
17,0.21
18,0.19
19,0.19
20,0.17
21,0.17
22,0.17
23,0.15
24,0.15
25,0.13
26,0.13
27,0.13
28,0.11
29,0.11
30,0.11
31,0.11
32,0.1
33,0.1
34,0.1
35,0.1
36,0.08
37,0.08
38,0.08
39,0.08
40,0.07
41,0.07
42,0.07
43,0.07
44,0.07
45,0.06
46,0.06
47,0.06
48,0.06
49,0.06
50,0.04
51,0.04
52,0.04
53,0.04
54,0.04
55,0.04
56,0.03
57,0.03
58,0.03
59,0.03
60,0.03
61,0.03
62,0.03
63,0.03
64,0.03
65,0.03
66,0.03
67,0.03
68,0.03
69,0.03
70,0.03
71,0.02
72,0.02
73,0.02
74,0.02
75,0.02
76,0.02
77,0.02
78,0.02
79,0.01
80,0.01
81,0.01
82,0.01
83,0.01
84,0.01
85,0.01
86,0.01
87,0.01
88,0.01
89,0
90,0
91,0
92,0
93,0
94,0
95,0
96,0
97,0
98,0
99,0
100,0
101,0
102,0
103,0
104,0
105,0
106,0
107,0
108,0
109,0
110,0
111,-0.02
112,-0.02
113,-0.02
114,-0.02
115,-0.02
116,-0.02
117,-0.02
118,-0.02
119,-0.02
120,-0.02
121,-0.02
122,-0.02
123,-0.02
124,-0.02
125,-0.02
126,-0.02
127,-0.02
128,-0.02
129,-0.02
130,-0.02
131,-0.02
132,-0.02
133,-0.02
134,-0.02
135,-0.02
136,-0.02
137,-0.02
138,-0.02
139,-0.02
140,-0.02
141,-0.02
142,-0.02
143,-0.02
144,-0.02
145,-0.02
146,-0.02
147,-0.02
148,-0.02
149,-0.02
150,-0.02
151,-0.02
152,-0.02
153,-0.02
154,-0.02
155,-0.02
156,-0.02
157,-0.02
158,-0.01
159,-0.01
160,-0.01
161,-0.01
162,-0.01
163,-0.01
164,-0.01
165,-0.01
166,-0.01
167,-0.01
168,-0.01
169,-0.01
170,-0.01
171,-0.01
172,-0.01
173,-0.01
174,-0.01
175,-0.01
176,-0.01
177,0
178,0
179,0
180,0
181,0
182,0
183,0
184,0
185,0
186,0
187,0
188,0
189,0
190,0
191,0
192,0
193,0
194,0
195,0
196,0
197,0.04
198,0.04
199,0.04
200,0.04
201,0.04
202,0.04
203,0.04
204,0.04
205,0.04
206,0.04
207,0.04
208,0.04
209,0.04
210,0.04
211,0.04
212,0.04
213,0.04
214,0.04
215,0.04
216,0.04
217,0.04
218,0.04
219,0.04
220,0.04
221,0.08
222,0.08
223,0.08
224,0.08
225,0.08
226,0.08
227,0.08
228,0.08
229,0.08
230,0.08
231,0.08
232,0.08
233,0.08
234,0.08
235,0.08
236,0.08
237,0.08
238,0.08
239,0.08
240,0.08
241,0.08
242,0.08
243,0.08
244,0.08
245,0.08
246,0.08
247,0.09
248,0.09
249,0.09
250,0.09
251,0.09
252,0.09
253,0.09
254,0.09
255,0.09
256,0.09
257,0.09
258,0.09
259,0.09
260,0.09
261,0.09
262,0.09
263,0.09
264,0.09
265,0.09
266,0.09
267,0.09
268,0.09
269,0.09
270,0.09
271,0.09
272,0.09
273,0.09
274,0.09
275,0.09
276,0.09
277,0.09
278,0.09
279,0.13
280,0.13
281,0.13
282,0.13
283,0.13
284,0.13
285,0.13
286,0.13
287,0.13
288,0.13
289,0.13
290,0.13
291,0.13
292,0.13
293,0.13
294,0.13
295,0.13
296,0.13
297,0.13
298,0.13
299,0.13
300,0.13
301,0.13
302,0.13
303,0.13
304,0.13
305,0.13
306,0.13
307,0.13
308,0.13
309,0.13
310,0.13
311,0.13
312,0.13
313,0.13
314,0.13
315,0.13
316,0.15
317,0.15
318,0.15
319,0.15
320,0.15
321,0.15
322,0.15
323,0.15
324,0.15
325,0.15
326,0.15
327,0.15
328,0.15
329,0.15
330,0.15
331,0.15
332,0.15
333,0.15
334,0.15
335,0.15
336,0.15
337,0.15
338,0.15
339,0.15
340,0.15
341,0.15
342,0.15
343,0.15
344,0.15
345,0.15
346,0.15
347,0.15
348,0.15
349,0.15
350,0.15
351,0.15
352,0.15
353,0.16
354,0.16
355,0.16
356,0.16
357,0.16
358,0.16
359,0.16
360,0.16
361,0.16
362,0.16
363,0.16
364,0.16
365,0.16
366,0.16
367,0.16
368,0.16
369,0.16
370,0.16
371,0.16
372,0.16
373,0.16
374,0.16
375,0.16
376,0.16
377,0.16
378,0.16
379,0.16
380,0.16
381,0.16
382,0.16
383,0.16
384,0.16
385,0.16
386,0.16
387,0.16
388,0.16
389,0.16
390,0.16
391,0.16
392,0.16
393,0.16
394,0.2
395,0.2
396,0.2
397,0.2
398,0.2
399,0.2
400,0.2
401,0.2
402,0.2
403,0.2
404,0.2
405,0.2
406,0.2
407,0.2
408,0.2
409,0.2
410,0.2
411,0.2
412,0.2
413,0.2
414,0.2
415,0.2
416,0.2
417,0.2
418,0.2
419,0.2
420,0.2
421,0.2
422,0.2
423,0.2
424,0.2
425,0.2
426,0.2
427,0.2
428,0.2
429,0.2
430,0.2
431,0.2
432,0.2
433,0.2
434,0.2
435,0.2
436,0.2
437,0.2
438,0.2
439,0.2
440,0.2
441,0.26
442,0.26
443,0.26
444,0.26
445,0.26
446,0.26
447,0.26
448,0.26
449,0.26
450,0.26
451,0.26
452,0.26
453,0.26
454,0.26
455,0.26
456,0.26
457,0.26
458,0.26
459,0.26
460,0.26
461,0.26
462,0.26
463,0.26
464,0.26
465,0.26
466,0.26
467,0.26
468,0.26
469,0.26
470,0.26
471,0.26
472,0.26
473,0.26
474,0.26
475,0.26
476,0.26
477,0.26
478,0.26
479,0.26
480,0.26
481,0.26
482,0.26
483,0.26
484,0.26
485,0.26
486,0.26
487,0.26
488,0.26
489,0.26
490,0.26
491,0.26
492,0.26
493,0.31
494,0.31
495,0.31
496,0.31
497,0.31
498,0.31
499,0.31
500,0.31
501,0.31
502,0.31
503,0.31
504,0.31
505,0.31
506,0.31
507,0.31
508,0.31
509,0.31
510,0.31
511,0.31
512,0.31
513,0.31
514,0.31
515,0.31
516,0.31
517,0.31
518,0.31
519,0.31
520,0.31
521,0.31
522,0.31
523,0.31
524,0.31
525,0.31
526,0.31
527,0.31
528,0.31
529,0.31
530,0.31
531,0.31
532,0.31
533,0.31
534,0.31
535,0.31
536,0.31
537,0.31
538,0.31
539,0.31
540,0.31
541,0.31
542,0.31
543,0.31
544,0.31
545,0.31
546,0.31
547,0.31
548,0.31
549,0.31
550,0.31
551,0.31
552,0.31
553,0.33
554,0.33
555,0.33
556,0.33
557,0.33
558,0.33
559,0.33
560,0.33
561,0.33
562,0.33
563,0.33
564,0.33
565,0.33
566,0.33
567,0.33
568,0.33
569,0.33
570,0.33
571,0.33
572,0.33
573,0.33
574,0.33
575,0.33
576,0.33
577,0.33
578,0.33
579,0.33
580,0.33
581,0.33
582,0.33
583,0.33
584,0.33
585,0.33
586,0.33
587,0.33
588,0.33
589,0.33
590,0.33
591,0.33
592,0.33
593,0.33
594,0.33
595,0.33
596,0.33
597,0.33
598,0.33
599,0.33
600,0.33
601,0.33
602,0.33
603,0.33
604,0.33
605,0.33
606,0.33
607,0.33
608,0.33
609,0.33
610,0.33
611,0.33
612,0.33
613,0.33
614,0.33
615,0.33
616,0.33
617,0.33
618,0.33
619,0.33
620,0.33
621,0.33
622,0.33
623,0.38
624,0.38
625,0.38
626,0.38
627,0.38
628,0.38
629,0.38
630,0.38
631,0.38
632,0.38
633,0.38
634,0.38
635,0.38
636,0.38
637,0.38
638,0.38
639,0.38
640,0.38
641,0.38
642,0.38
643,0.38
644,0.38
645,0.38
646,0.38
647,0.38
648,0.38
649,0.38
650,0.38
651,0.38
652,0.38
653,0.38
654,0.38
655,0.38
656,0.38
657,0.38
658,0.38
659,0.38
660,0.38
661,0.38
662,0.38
663,0.38
664,0.38
665,0.38
666,0.38
667,0.38
668,0.38
669,0.38
670,0.38
671,0.38
672,0.38
673,0.38
674,0.38
675,0.38
676,0.38
677,0.38
678,0.38
679,0.38
680,0.38
681,0.38
682,0.38
683,0.38
684,0.38
685,0.38
686,0.38
687,0.38
688,0.38
689,0.38
690,0.38
691,0.38
692,0.38
693,0.38
694,0.38
695,0.38
696,0.38
697,0.38
698,0.38
699,0.38
700,0.38
701,0.38
702,0.45
703,0.45
704,0.45
705,0.45
706,0.45
707,0.45
708,0.45
709,0.45
710,0.45
711,0.45
712,0.45
713,0.45
714,0.45
715,0.45
716,0.45
717,0.45
718,0.45
719,0.45
720,0.45
721,0.45
722,0.45
723,0.45
724,0.45
725,0.45
726,0.45
727,0.45
728,0.45
729,0.45
730,0.45
731,0.45
732,0.45
733,0.45
734,0.45
735,0.45
736,0.45
737,0.45
738,0.45
739,0.45
740,0.45
741,0.45
742,0.45
743,0.45
744,0.45
745,0.45
746,0.45
747,0.45
748,0.45
749,0.45
750,0.45
751,0.45
752,0.45
753,0.45
754,0.45
755,0.45
756,0.45
757,0.45
758,0.45
759,0.45
760,0.45
761,0.45
762,0.45
763,0.45
764,0.45
765,0.45
766,0.45
767,0.45
768,0.45
769,0.45
770,0.45
771,0.45
772,0.45
773,0.45
774,0.45
775,0.45
776,0.45
777,0.45
778,0.45
779,0.45
780,0.45
781,0.45
782,0.45
783,0.45
784,0.45
785,0.45
786,0.45
787,0.45
788,0.45
789,0.45
790,0.47
791,0.47
792,0.47
793,0.47
794,0.47
795,0.47
796,0.47
797,0.47
798,0.47
799,0.47
800,0.47
801,0.47
802,0.47
803,0.47
804,0.47
805,0.47
806,0.47
807,0.47
808,0.47
809,0.47
810,0.47
811,0.47
812,0.47
813,0.47
814,0.47
815,0.47
816,0.47
817,0.47
818,0.47
819,0.47
820,0.47
821,0.47
822,0.47
823,0.47
824,0.47
825,0.47
826,0.47
827,0.47
828,0.47
829,0.47
830,0.47
831,0.47
832,0.47
833,0.47
834,0.47
835,0.47
836,0.47
837,0.47
838,0.47
839,0.47
840,0.47
841,0.47
842,0.47
843,0.47
844,0.47
845,0.47
846,0.47
847,0.47
848,0.47
849,0.47
850,0.47
851,0.47
852,0.47
853,0.47
854,0.47
855,0.47
856,0.47
857,0.47
858,0.47
859,0.47
860,0.47
861,0.47
862,0.47
863,0.47
864,0.47
865,0.47
866,0.47
867,0.47
868,0.47
869,0.47
870,0.47
871,0.47
872,0.47
873,0.47
874,0.47
875,0.47
876,0.47
877,0.47
878,0.47
879,0.47
880,0.47
881,0.47
882,0.47
883,0.53
884,0.53
885,0.53
886,0.53
887,0.53
888,0.53
889,0.53
890,0.53
891,0.53
892,0.53
893,0.53
894,0.53
895,0.53
896,0.53
897,0.53
898,0.53
899,0.53
900,0.53
901,0.53
902,0.53
903,0.53
904,0.53
905,0.53
906,0.53
907,0.53
908,0.53
909,0.53
910,0.53
911,0.53
912,0.53
913,0.53
914,0.53
915,0.53
916,0.53
917,0.53
918,0.53
919,0.53
920,0.53
921,0.53
922,0.53
923,0.53
924,0.53
925,0.53
926,0.53
927,0.53
928,0.53
929,0.53
930,0.53
931,0.53
932,0.53
933,0.53
934,0.53
935,0.53
936,0.53
937,0.53
938,0.53
939,0.53
940,0.53
941,0.53
942,0.53
943,0.53
944,0.53
945,0.53
946,0.53
947,0.53
948,0.53
949,0.53
950,0.53
951,0.53
952,0.53
953,0.53
954,0.53
955,0.53
956,0.53
957,0.53
958,0.53
959,0.53
960,0.53
961,0.53
962,0.53
963,0.53
964,0.53
965,0.53
966,0.53
967,0.53
968,0.53
969,0.53
970,0.53
971,0.53
972,0.53
973,0.53
974,0.53
975,0.53
976,0.53
977,0.53
978,0.53
979,0.53
980,0.53
981,0.53
982,0.53
983,0.53
984,0.53
985,0.68
986,0.68
987,0.68
988,0.68
989,0.68
990,0.68
991,0.68
992,0.68
993,0.68
994,0.68
995,0.68
996,0.68
997,0.68
998,0.68
999,0.68
1000,0.68
1001,0.68
1002,0.68
1003,0.68
1004,0.68
1005,0.68
1006,0.68
1007,0.68
1008,0.68
1009,0.68
1010,0.68
1011,0.68
1012,0.68
1013,0.68
1014,0.68
1015,0.68
1016,0.68
1017,0.68
1018,0.68
1019,0.68
1020,0.68
1021,0.68
1022,0.68
1023,0.68
1024,0.68
1025,0.68
1026,0.68
1027,0.68
1028,0.68
1029,0.68
1030,0.68
1031,0.68
1032,0.68
1033,0.68
1034,0.68
1035,0.68
1036,0.68
1037,0.68
1038,0.68
1039,0.68
1040,0.68
1041,0.68
1042,0.68
1043,0.68
1044,0.68
1045,0.68
1046,0.68
1047,0.68
1048,0.68
1049,0.68
1050,0.68
1051,0.68
1052,0.68
1053,0.68
1054,0.68
1055,0.68
1056,0.68
1057,0.68
1058,0.68
1059,0.68
1060,0.68
1061,0.68
1062,0.68
1063,0.68
1064,0.68
1065,0.68
1066,0.68
1067,0.68
1068,0.68
1069,0.68
1070,0.68
1071,0.68
1072,0.68
1073,0.68
1074,0.68
1075,0.68
1076,0.68
1077,0.68
1078,0.68
1079,0.68
1080,0.68
1081,0.68
1082,0.68
1083,0.68
1084,0.68
1085,0.68
1086,0.68
1087,0.68
1088,0.68
1089,0.68
1090,0.68
1091,0.68
1092,0.68
1093,0.68
1094,0.68
1095,0.68
1096,0.68
1097,0.68
1098,0.68
1099,0.68
1100,0.68
1101,0.68
1102,0.68
1103,0.68
1104,0.68
1105,0.68
1106,0.89
1107,0.89
1108,0.89
1109,0.89
1110,0.89
1111,0.89
1112,0.89
1113,0.89
1114,0.89
1115,0.89
1116,0.89
1117,0.89
1118,0.89
1119,0.89
1120,0.89
1121,0.89
1122,0.89
1123,0.89
1124,0.89
1125,0.89
1126,0.89
1127,0.89
1128,0.89
1129,0.89
1130,0.89
1131,0.89
1132,0.89
1133,0.89
1134,0.89
1135,0.89
1136,0.89
1137,0.89
1138,0.89
1139,0.89
1140,0.89
1141,0.89
1142,0.89
1143,0.89
1144,0.89
1145,0.89
1146,0.89
1147,0.89
1148,0.89
1149,0.89
1150,0.89
1151,0.89
1152,0.89
1153,0.89
1154,0.89
1155,0.89
1156,0.89
1157,0.89
1158,0.89
1159,0.89
1160,0.89
1161,0.89
1162,0.89
1163,0.89
1164,0.89
1165,0.89
1166,0.89
1167,0.89
1168,0.89
1169,0.89
1170,0.89
1171,0.89
1172,0.89
1173,0.89
1174,0.89
1175,0.89
1176,0.89
1177,0.89
1178,0.89
1179,0.89
1180,0.89
1181,0.89
1182,0.89
1183,0.89
1184,0.89
1185,0.89
1186,0.89
1187,0.89
1188,0.89
1189,0.89
1190,0.89
1191,0.89
1192,0.89
1193,0.89
1194,0.89
1195,0.89
1196,0.89
1197,0.89
1198,0.89
1199,0.89
1200,0.89
1201,0.89
1202,0.89
1203,0.89
1204,0.89
1205,0.89
1206,0.89
1207,0.89
1208,0.89
1209,0.89
1210,0.89
1211,0.89
1212,0.89
1213,0.89
1214,0.89
1215,0.89
1216,0.89
1217,0.89
1218,0.89
1219,0.89
1220,0.89
1221,0.89
1222,0.89
1223,0.89
1224,0.89
1225,0.89
1226,0.89
1227,0.89
1228,0.89
1229,0.89
1230,0.89
1231,0.89
1232,0.89
1233,0.89
1234,0.89
1235,0.89
1236,0.89
1237,0.89
1238,0.89
1239,0.89
1240,0.89
1241,0.89
1242,0.89
1243,0.89
1244,0.89
1245,1.01
1246,1.01
1247,1.01
1248,1.01
1249,1.01
1250,1.01
1251,1.01
1252,1.01
1253,1.01
1254,1.01
1255,1.01
1256,1.01
1257,1.01
1258,1.01
1259,1.01
1260,1.01
1261,1.01
1262,1.01
1263,1.01
1264,1.01
1265,1.01
1266,1.01
1267,1.01
1268,1.01
1269,1.01
1270,1.01
1271,1.01
1272,1.01
1273,1.01
1274,1.01
1275,1.01
1276,1.01
1277,1.01
1278,1.01
1279,1.01
1280,1.01
1281,1.01
1282,1.01
1283,1.01
1284,1.01
1285,1.01
1286,1.01
1287,1.01
1288,1.01
1289,1.01
1290,1.01
1291,1.01
1292,1.01
1293,1.01
1294,1.01
1295,1.01
1296,1.01
1297,1.01
1298,1.01
1299,1.01
1300,1.01
1301,1.01
1302,1.01
1303,1.01
1304,1.01
1305,1.01
1306,1.01
1307,1.01
1308,1.01
1309,1.01
1310,1.01
1311,1.01
1312,1.01
1313,1.01
1314,1.01
1315,1.01
1316,1.01
1317,1.01
1318,1.01
1319,1.01
1320,1.01
1321,1.01
1322,1.01
1323,1.01
1324,1.01
1325,1.01
1326,1.01
1327,1.01
1328,1.01
1329,1.01
1330,1.01
1331,1.01
1332,1.01
1333,1.01
1334,1.01
1335,1.01
1336,1.01
1337,1.01
1338,1.01
1339,1.01
1340,1.01
1341,1.01
1342,1.01
1343,1.01
1344,1.01
1345,1.01
1346,1.01
1347,1.01
1348,1.01
1349,1.01
1350,1.01
1351,1.01
1352,1.01
1353,1.01
1354,1.01
1355,1.01
1356,1.01
1357,1.01
1358,1.01
1359,1.01
1360,1.01
1361,1.01
1362,1.01
1363,1.01
1364,1.01
1365,1.01
1366,1.01
1367,1.01
1368,1.01
1369,1.01
1370,1.01
1371,1.01
1372,1.01
1373,1.01
1374,1.01
1375,1.01
1376,1.01
1377,1.01
1378,1.01
1379,1.01
1380,1.01
1381,1.01
1382,1.01
1383,1.01
1384,1.01
1385,1.01
1386,1.01
1387,1.01
1388,1.01
1389,1.01
1390,1.01
1391,1.01
1392,1.01
1393,1.01
1394,1.01
1395,1.01
1396,1.01
1397,1.01
1398,1.01
1399,1.01
1400,1.01
1401,1.01
1402,1.01
1403,1.17
1404,1.17
1405,1.17
1406,1.17
1407,1.17
1408,1.17
1409,1.17
1410,1.17
1411,1.17
1412,1.17
1413,1.17
1414,1.17
1415,1.17
1416,1.17
1417,1.17
1418,1.17
1419,1.17
1420,1.17
1421,1.17
1422,1.17
1423,1.17
1424,1.17
1425,1.17
1426,1.17
1427,1.17
1428,1.17
1429,1.17
1430,1.17
1431,1.17
1432,1.17
1433,1.17
1434,1.17
1435,1.17
1436,1.17
1437,1.17
1438,1.17
1439,1.17
1440,1.17
1441,1.17
1442,1.17
1443,1.17
1444,1.17
1445,1.17
1446,1.17
1447,1.17
1448,1.17
1449,1.17
1450,1.17
1451,1.17
1452,1.17
1453,1.17
1454,1.17
1455,1.17
1456,1.17
1457,1.17
1458,1.17
1459,1.17
1460,1.17
1461,1.17
1462,1.17
1463,1.17
1464,1.17
1465,1.17
1466,1.17
1467,1.17
1468,1.17
1469,1.17
1470,1.17
1471,1.17
1472,1.17
1473,1.17
1474,1.17
1475,1.17
1476,1.17
1477,1.17
1478,1.17
1479,1.17
1480,1.17
1481,1.17
1482,1.17
1483,1.17
1484,1.17
1485,1.17
1486,1.17
1487,1.17
1488,1.17
1489,1.17
1490,1.17
1491,1.17
1492,1.17
1493,1.17
1494,1.17
1495,1.17
1496,1.17
1497,1.17
1498,1.17
1499,1.17
1500,1.17
1501,1.17
1502,1.17
1503,1.17
1504,1.17
1505,1.17
1506,1.17
1507,1.17
1508,1.17
1509,1.17
1510,1.17
1511,1.17
1512,1.17
1513,1.17
1514,1.17
1515,1.17
1516,1.17
1517,1.17
1518,1.17
1519,1.17
1520,1.17
1521,1.17
1522,1.17
1523,1.17
1524,1.17
1525,1.17
1526,1.17
1527,1.17
1528,1.17
1529,1.17
1530,1.17
1531,1.17
1532,1.17
1533,1.17
1534,1.17
1535,1.17
1536,1.17
1537,1.17
1538,1.17
1539,1.17
1540,1.17
1541,1.17
1542,1.17
1543,1.17
1544,1.17
1545,1.17
1546,1.17
1547,1.17
1548,1.17
1549,1.17
1550,1.17
1551,1.17
1552,1.17
1553,1.17
1554,1.17
1555,1.17
1556,1.17
1557,1.17
1558,1.17
1559,1.17
1560,1.17
1561,1.17
1562,1.17
1563,1.17
1564,1.17
1565,1.17
1566,1.17
1567,1.17
1568,1.17
1569,1.17
1570,1.17
1571,1.17
1572,1.17
1573,1.17
1574,1.17
1575,1.17
1576,1.17
1577,1.17
1578,1.17
1579,1.24
1580,1.24
1581,1.24
1582,1.24
1583,1.24
1584,1.24
1585,1.24
1586,1.24
1587,1.24
1588,1.24
1589,1.24
1590,1.24
1591,1.24
1592,1.24
1593,1.24
1594,1.24
1595,1.24
1596,1.24
1597,1.24
1598,1.24
1599,1.24
1600,1.24
1601,1.24
1602,1.24
1603,1.24
1604,1.24
1605,1.24
1606,1.24
1607,1.24
1608,1.24
1609,1.24
1610,1.24
1611,1.24
1612,1.24
1613,1.24
1614,1.24
1615,1.24
1616,1.24
1617,1.24
1618,1.24
1619,1.24
1620,1.24
1621,1.24
1622,1.24
1623,1.24
1624,1.24
1625,1.24
1626,1.24
1627,1.24
1628,1.24
1629,1.24
1630,1.24
1631,1.24
1632,1.24
1633,1.24
1634,1.24
1635,1.24
1636,1.24
1637,1.24
1638,1.24
1639,1.24
1640,1.24
1641,1.24
1642,1.24
1643,1.24
1644,1.24
1645,1.24
1646,1.24
1647,1.24
1648,1.24
1649,1.24
1650,1.24
1651,1.24
1652,1.24
1653,1.24
1654,1.24
1655,1.24
1656,1.24
1657,1.24
1658,1.24
1659,1.24
1660,1.24
1661,1.24
1662,1.24
1663,1.24
1664,1.24
1665,1.24
1666,1.24
1667,1.24
1668,1.24
1669,1.24
1670,1.24
1671,1.24
1672,1.24
1673,1.24
1674,1.24
1675,1.24
1676,1.24
1677,1.24
1678,1.24
1679,1.24
1680,1.24
1681,1.24
1682,1.24
1683,1.24
1684,1.24
1685,1.24
1686,1.24
1687,1.24
1688,1.24
1689,1.24
1690,1.24
1691,1.24
1692,1.24
1693,1.24
1694,1.24
1695,1.24
1696,1.24
1697,1.24
1698,1.24
1699,1.24
1700,1.24
1701,1.24
1702,1.24
1703,1.24
1704,1.24
1705,1.24
1706,1.24
1707,1.24
1708,1.24
1709,1.24
1710,1.24
1711,1.24
1712,1.24
1713,1.24
1714,1.24
1715,1.24
1716,1.24
1717,1.24
1718,1.24
1719,1.24
1720,1.24
1721,1.24
1722,1.24
1723,1.24
1724,1.24
1725,1.24
1726,1.24
1727,1.24
1728,1.24
1729,1.24
1730,1.24
1731,1.24
1732,1.24
1733,1.24
1734,1.24
1735,1.24
1736,1.24
1737,1.24
1738,1.24
1739,1.24
1740,1.24
1741,1.24
1742,1.24
1743,1.24
1744,1.24
1745,1.24
1746,1.24
1747,1.24
1748,1.24
1749,1.24
1750,1.24
1751,1.24
1752,1.24
1753,1.24
1754,1.24
1755,1.24
1756,1.24
1757,1.24
1758,1.24
1759,1.24
1760,1.24
1761,1.24
1762,1.24
1763,1.24
1764,1.24
1765,1.26
1766,1.26
1767,1.26
1768,1.26
1769,1.26
1770,1.26
1771,1.26
1772,1.26
1773,1.26
1774,1.26
1775,1.26
1776,1.26
1777,1.26
1778,1.26
1779,1.26
1780,1.26
1781,1.26
1782,1.26
1783,1.26
1784,1.26
1785,1.26
1786,1.26
1787,1.26
1788,1.26
1789,1.26
1790,1.26
1791,1.26
1792,1.26
1793,1.26
1794,1.26
1795,1.26
1796,1.26
1797,1.26
1798,1.26
1799,1.26
1800,1.26
1801,1.26
1802,1.26
1803,1.26
1804,1.26
1805,1.26
1806,1.26
1807,1.26
1808,1.26
1809,1.26
1810,1.26
1811,1.26
1812,1.26
1813,1.26
1814,1.26
1815,1.26
1816,1.26
1817,1.26
1818,1.26
1819,1.26
1820,1.26
1821,1.26
1822,1.26
1823,1.26
1824,1.26
1825,1.26
1826,1.26
1827,1.26
1828,1.26
1829,1.26
1830,1.26
1831,1.26
1832,1.26
1833,1.26
1834,1.26
1835,1.26
1836,1.26
1837,1.26
1838,1.26
1839,1.26
1840,1.26
1841,1.26
1842,1.26
1843,1.26
1844,1.26
1845,1.26
1846,1.26
1847,1.26
1848,1.26
1849,1.26
1850,1.26
1851,1.26
1852,1.26
1853,1.26
1854,1.26
1855,1.26
1856,1.26
1857,1.26
1858,1.26
1859,1.26
1860,1.26
1861,1.26
1862,1.26
1863,1.26
1864,1.26
1865,1.26
1866,1.26
1867,1.26
1868,1.26
1869,1.26
1870,1.26
1871,1.26
1872,1.26
1873,1.26
1874,1.26
1875,1.26
1876,1.26
1877,1.26
1878,1.26
1879,1.26
1880,1.26
1881,1.26
1882,1.26
1883,1.26
1884,1.26
1885,1.26
1886,1.26
1887,1.26
1888,1.26
1889,1.26
1890,1.26
1891,1.26
1892,1.26
1893,1.26
1894,1.26
1895,1.26
1896,1.26
1897,1.26
1898,1.26
1899,1.26
1900,1.26
1901,1.26
1902,1.26
1903,1.26
1904,1.26
1905,1.26
1906,1.26
1907,1.26
1908,1.26
1909,1.26
1910,1.26
1911,1.26
1912,1.26
1913,1.26
1914,1.26
1915,1.26
1916,1.26
1917,1.26
1918,1.26
1919,1.26
1920,1.26
1921,1.26
1922,1.26
1923,1.26
1924,1.26
1925,1.26
1926,1.26
1927,1.26
1928,1.26
1929,1.26
1930,1.26
1931,1.26
1932,1.26
1933,1.26
1934,1.26
1935,1.26
1936,1.26
1937,1.26
1938,1.26
1939,1.26
1940,1.26
1941,1.26
1942,1.26
1943,1.26
1944,1.26
1945,1.26
1946,1.26
1947,1.26
1948,1.26
1949,1.26
1950,1.26
1951,1.26
1952,1.26
1953,1.26
1954,1.26
1955,1.26
1956,1.26
1957,1.26
1958,1.26
1959,1.26
1960,1.26
1961,1.26
1962,1.26
1963,1.26
1964,1.26
1965,1.26
1966,1.26
1967,1.26
1968,1.26
1969,1.26
1970,1.29
1971,1.29
1972,1.29
1973,1.29
1974,1.29
1975,1.29
1976,1.29
1977,1.29
1978,1.29
1979,1.29
1980,1.29
1981,1.29
1982,1.29
1983,1.29
1984,1.29
1985,1.29
1986,1.29
1987,1.29
1988,1.29
1989,1.29
1990,1.29
1991,1.29
1992,1.29
1993,1.29
1994,1.29
1995,1.29
1996,1.29
1997,1.29
1998,1.29
1999,1.29
2000,1.29
2001,1.29
2002,1.29
2003,1.29
2004,1.29
2005,1.29
2006,1.29
2007,1.29
2008,1.29
2009,1.29
2010,1.29
2011,1.29
2012,1.29
2013,1.29
2014,1.29
2015,1.29
2016,1.29
2017,1.29
2018,1.29
2019,1.29
2020,1.29
2021,1.29
2022,1.29
2023,1.29
2024,1.29
2025,1.29
2026,1.29
2027,1.29
2028,1.29
2029,1.29
2030,1.29
2031,1.29
2032,1.29
2033,1.29
2034,1.29
2035,1.29
2036,1.29
2037,1.29
2038,1.29
2039,1.29
2040,1.29
2041,1.29
2042,1.29
2043,1.29
2044,1.29
2045,1.29
2046,1.29
2047,1.29
2048,1.29
2049,1.29
2050,1.29
2051,1.29
2052,1.29
2053,1.29
2054,1.29
2055,1.29
2056,1.29
2057,1.29
2058,1.29
2059,1.29
2060,1.29
2061,1.29
2062,1.29
2063,1.29
2064,1.29
2065,1.29
2066,1.29
2067,1.29
2068,1.29
2069,1.29
2070,1.29
2071,1.29
2072,1.29
2073,1.29
2074,1.29
2075,1.29
2076,1.29
2077,1.29
2078,1.29
2079,1.29
2080,1.29
2081,1.29
2082,1.29
2083,1.29
2084,1.29
2085,1.29
2086,1.29
2087,1.29
2088,1.29
2089,1.29
2090,1.29
2091,1.29
2092,1.29
2093,1.29
2094,1.29
2095,1.29
2096,1.29
2097,1.29
2098,1.29
2099,1.29
2100,1.29
2101,1.29
2102,1.29
2103,1.29
2104,1.29
2105,1.29
2106,1.29
2107,1.29
2108,1.29
2109,1.29
2110,1.29
2111,1.29
2112,1.29
2113,1.29
2114,1.29
2115,1.29
2116,1.29
2117,1.29
2118,1.29
2119,1.29
2120,1.29
2121,1.29
2122,1.29
2123,1.29
2124,1.29
2125,1.29
2126,1.29
2127,1.29
2128,1.29
2129,1.29
2130,1.29
2131,1.29
2132,1.29
2133,1.29
2134,1.29
2135,1.29
2136,1.29
2137,1.29
2138,1.29
2139,1.29
2140,1.29
2141,1.29
2142,1.29
2143,1.29
2144,1.29
2145,1.29
2146,1.29
2147,1.29
2148,1.29
2149,1.29
2150,1.29
2151,1.29
2152,1.29
2153,1.29
2154,1.29
2155,1.29
2156,1.29
2157,1.29
2158,1.29
2159,1.29
2160,1.29
2161,1.29
2162,1.29
2163,1.29
2164,1.29
2165,1.29
2166,1.29
2167,1.29
2168,1.29
2169,1.29
2170,1.29
2171,1.29
2172,1.29
2173,1.29
2174,1.29
2175,1.29
2176,1.29
2177,1.29
2178,1.29
2179,1.29
2180,1.29
2181,1.29
2182,1.29
2183,1.29
2184,1.29
2185,1.29
2186,1.29
2187,1.29
2188,1.29
2189,1.29
2190,1.29
2191,1.29
2192,1.29
2193,1.29
2194,1.29
2195,1.29
2196,1.29
2197,1.29
2198,1.29
2199,1.29
2200,1.29
2201,1.29
2202,1.12
2203,1.12
2204,1.12
2205,1.12
2206,1.12
2207,1.12
2208,1.12
2209,1.12
2210,1.12
2211,1.12
2212,1.12
2213,1.12
2214,1.12
2215,1.12
2216,1.12
2217,1.12
2218,1.12
2219,1.12
2220,1.12
2221,1.12
2222,1.12
2223,1.12
2224,1.12
2225,1.12
2226,1.12
2227,1.12
2228,1.12
2229,1.12
2230,1.12
2231,1.12
2232,1.12
2233,1.12
2234,1.12
2235,1.12
2236,1.12
2237,1.12
2238,1.12
2239,1.12
2240,1.12
2241,1.12
2242,1.12
2243,1.12
2244,1.12
2245,1.12
2246,1.12
2247,1.12
2248,1.12
2249,1.12
2250,1.12
2251,1.12
2252,1.12
2253,1.12
2254,1.12
2255,1.12
2256,1.12
2257,1.12
2258,1.12
2259,1.12
2260,1.12
2261,1.12
2262,1.12
2263,1.12
2264,1.12
2265,1.12
2266,1.12
2267,1.12
2268,1.12
2269,1.12
2270,1.12
2271,1.12
2272,1.12
2273,1.12
2274,1.12
2275,1.12
2276,1.12
2277,1.12
2278,1.12
2279,1.12
2280,1.12
2281,1.12
2282,1.12
2283,1.12
2284,1.12
2285,1.12
2286,1.12
2287,1.12
2288,1.12
2289,1.12
2290,1.12
2291,1.12
2292,1.12
2293,1.12
2294,1.12
2295,1.12
2296,1.12
2297,1.12
2298,1.12
2299,1.12
2300,1.12
2301,1.12
2302,1.12
2303,1.12
2304,1.12
2305,1.12
2306,1.12
2307,1.12
2308,1.12
2309,1.12
2310,1.12
2311,1.12
2312,1.12
2313,1.12
2314,1.12
2315,1.12
2316,1.12
2317,1.12
2318,1.12
2319,1.12
2320,1.12
2321,1.12
2322,1.12
2323,1.12
2324,1.12
2325,1.12
2326,1.12
2327,1.12
2328,1.12
2329,1.12
2330,1.12
2331,1.12
2332,1.12
2333,1.12
2334,1.12
2335,1.12
2336,1.12
2337,1.12
2338,1.12
2339,1.12
2340,1.12
2341,1.12
2342,1.12
2343,1.12
2344,1.12
2345,1.12
2346,1.12
2347,1.12
2348,1.12
2349,1.12
2350,1.12
2351,1.12
2352,1.12
2353,1.12
2354,1.12
2355,1.12
2356,1.12
2357,1.12
2358,1.12
2359,1.12
2360,1.12
2361,1.12
2362,1.12
2363,1.12
2364,1.12
2365,1.12
2366,1.12
2367,1.12
2368,1.12
2369,1.12
2370,1.12
2371,1.12
2372,1.12
2373,1.12
2374,1.12
2375,1.12
2376,1.12
2377,1.12
2378,1.12
2379,1.12
2380,1.12
2381,1.12
2382,1.12
2383,1.12
2384,1.12
2385,1.12
2386,1.12
2387,1.12
2388,1.12
2389,1.12
2390,1.12
2391,1.12
2392,1.12
2393,1.12
2394,1.12
2395,1.12
2396,1.12
2397,1.12
2398,1.12
2399,1.12
2400,1.12
2401,1.12
2402,1.12
2403,1.12
2404,1.12
2405,1.12
2406,1.12
2407,1.12
2408,1.12
2409,1.12
2410,1.12
2411,1.12
2412,1.12
2413,1.12
2414,1.12
2415,1.12
2416,1.12
2417,1.12
2418,1.12
2419,1.12
2420,1.12
2421,1.12
2422,1.12
2423,1.12
2424,1.12
2425,1.12
2426,1.12
2427,1.12
2428,1.12
2429,1.12
2430,1.12
2431,1.12
2432,1.12
2433,1.12
2434,1.12
2435,1.12
2436,1.12
2437,1.12
2438,1.12
2439,1.12
2440,1.12
2441,1.12
2442,1.12
2443,1.12
2444,1.12
2445,1.12
2446,1.12
2447,1.12
2448,1.12
2449,1.12
2450,1.12
2451,1.12
2452,1.12
2453,1.12
2454,1.12
2455,1.12
2456,1.12
2457,1.12
2458,1.12
2459,1.12
2460,1.12
2461,1.12
2462,0.69
2463,0.69
2464,0.69
2465,0.69
2466,0.69
2467,0.69
2468,0.69
2469,0.69
2470,0.69
2471,0.69
2472,0.69
2473,0.69
2474,0.69
2475,0.69
2476,0.69
2477,0.69
2478,0.69
2479,0.69
2480,0.69
2481,0.69
2482,0.69
2483,0.69
2484,0.69
2485,0.69
2486,0.69
2487,0.69
2488,0.69
2489,0.69
2490,0.69
2491,0.69
2492,0.69
2493,0.69
2494,0.69
2495,0.69
2496,0.69
2497,0.69
2498,0.69
2499,0.69
2500,0.69
2501,0.69
2502,0.69
2503,0.69
2504,0.69
2505,0.69
2506,0.69
2507,0.69
2508,0.69
2509,0.69
2510,0.69
2511,0.69
2512,0.69
2513,0.69
2514,0.69
2515,0.69
2516,0.69
2517,0.69
2518,0.69
2519,0.69
2520,0.69
2521,0.69
2522,0.69
2523,0.69
2524,0.69
2525,0.69
2526,0.69
2527,0.69
2528,0.69
2529,0.69
2530,0.69
2531,0.69
2532,0.69
2533,0.69
2534,0.69
2535,0.69
2536,0.69
2537,0.69
2538,0.69
2539,0.69
2540,0.69
2541,0.69
2542,0.69
2543,0.69
2544,0.69
2545,0.69
2546,0.69
2547,0.69
2548,0.69
2549,0.69
2550,0.69
2551,0.69
2552,0.69
2553,0.69
2554,0.69
2555,0.69
2556,0.69
2557,0.69
2558,0.69
2559,0.69
2560,0.69
2561,0.69
2562,0.69
2563,0.69
2564,0.69
2565,0.69
2566,0.69
2567,0.69
2568,0.69
2569,0.69
2570,0.69
2571,0.69
2572,0.69
2573,0.69
2574,0.69
2575,0.69
2576,0.69
2577,0.69
2578,0.69
2579,0.69
2580,0.69
2581,0.69
2582,0.69
2583,0.69
2584,0.69
2585,0.69
2586,0.69
2587,0.69
2588,0.69
2589,0.69
2590,0.69
2591,0.69
2592,0.69
2593,0.69
2594,0.69
2595,0.69
2596,0.69
2597,0.69
2598,0.69
2599,0.69
2600,0.69
2601,0.69
2602,0.69
2603,0.69
2604,0.69
2605,0.69
2606,0.69
2607,0.69
2608,0.69
2609,0.69
2610,0.69
2611,0.69
2612,0.69
2613,0.69
2614,0.69
2615,0.69
2616,0.69
2617,0.69
2618,0.69
2619,0.69
2620,0.69
2621,0.69
2622,0.69
2623,0.69
2624,0.69
2625,0.69
2626,0.69
2627,0.69
2628,0.69
2629,0.69
2630,0.69
2631,0.69
2632,0.69
2633,0.69
2634,0.69
2635,0.69
2636,0.69
2637,0.69
2638,0.69
2639,0.69
2640,0.69
2641,0.69
2642,0.69
2643,0.69
2644,0.69
2645,0.69
2646,0.69
2647,0.69
2648,0.69
2649,0.69
2650,0.69
2651,0.69
2652,0.69
2653,0.69
2654,0.69
2655,0.69
2656,0.69
2657,0.69
2658,0.69
2659,0.69
2660,0.69
2661,0.69
2662,0.69
2663,0.69
2664,0.69
2665,0.69
2666,0.69
2667,0.69
2668,0.69
2669,0.69
2670,0.69
2671,0.69
2672,0.69
2673,0.69
2674,0.69
2675,0.69
2676,0.69
2677,0.69
2678,0.69
2679,0.69
2680,0.69
2681,0.69
2682,0.69
2683,0.69
2684,0.69
2685,0.69
2686,0.69
2687,0.69
2688,0.69
2689,0.69
2690,0.69
2691,0.69
2692,0.69
2693,0.69
2694,0.69
2695,0.69
2696,0.69
2697,0.69
2698,0.69
2699,0.69
2700,0.69
2701,0.69
2702,0.69
2703,0.69
2704,0.69
2705,0.69
2706,0.69
2707,0.69
2708,0.69
2709,0.69
2710,0.69
2711,0.69
2712,0.69
2713,0.69
2714,0.69
2715,0.69
2716,0.69
2717,0.69
2718,0.69
2719,0.69
2720,0.69
2721,0.69
2722,0.69
2723,0.69
2724,0.69
2725,0.69
2726,0.69
2727,0.69
2728,0.69
2729,0.69
2730,0.69
2731,0.69
2732,0.69
2733,0.69
2734,0.69
2735,0.69
2736,0.69
2737,0.69
2738,0.69
2739,0.69
2740,0.69
2741,0.69
2742,0.69
2743,0.69
2744,0.69
2745,0.69
2746,0.69
2747,0.69
2748,0.69
2749,0.69
2750,0.69
2751,0.69
2752,0.69
2753,0.69
2754,0.69
2755,0.69
2756,0.69
2757,0.69
2758,0.69
2759,0.69
2760,0.69
2761,0.69
2762,0.69
2763,0.69
2764,0.69
2765,0.69
2766,0.69
2767,0.69
2768,0.69
2769,0.69
2770,0.69
2771,0.69
2772,0.69
2773,0.69
2774,0.69
2775,0.69
2776,0.69
2777,0.69
2778,0.69
2779,0.69
2780,0.69
2781,0.69
2782,0.69
2783,0.69
2784,0.69
2785,0.69
2786,0.69
2787,-0.38
2788,-0.38
2789,-0.38
2790,-0.38
2791,-0.38
2792,-0.38
2793,-0.38
2794,-0.38
2795,-0.38
2796,-0.38
2797,-0.38
2798,-0.38
2799,-0.38
2800,-0.38
2801,-0.38
2802,-0.38
2803,-0.38
2804,-0.38
2805,-0.38
2806,-0.38
2807,-0.38
2808,-0.38
2809,-0.38
2810,-0.38
2811,-0.38
2812,-0.38
2813,-0.38
2814,-0.38
2815,-0.38
2816,-0.38
2817,-0.38
2818,-0.38
2819,-0.38
2820,-0.38
2821,-0.38
2822,-0.38
2823,-0.38
2824,-0.38
2825,-0.38
2826,-0.38
2827,-0.38
2828,-0.38
2829,-0.38
2830,-0.38
2831,-0.38
2832,-0.38
2833,-0.38
2834,-0.38
2835,-0.38
2836,-0.38
2837,-0.38
2838,-0.38
2839,-0.38
2840,-0.38
2841,-0.38
2842,-0.38
2843,-0.38
2844,-0.38
2845,-0.38
2846,-0.38
2847,-0.38
2848,-0.38
2849,-0.38
2850,-0.38
2851,-0.38
2852,-0.38
2853,-0.38
2854,-0.38
2855,-0.38
2856,-0.38
2857,-0.38
2858,-0.38
2859,-0.38
2860,-0.38
2861,-0.38
2862,-0.38
2863,-0.38
2864,-0.38
2865,-0.38
2866,-0.38
2867,-0.38
2868,-0.38
2869,-0.38
2870,-0.38
2871,-0.38
2872,-0.38
2873,-0.38
2874,-0.38
2875,-0.38
2876,-0.38
2877,-0.38
2878,-0.38
2879,-0.38
2880,-0.38
2881,-0.38
2882,-0.38
2883,-0.38
2884,-0.38
2885,-0.38
2886,-0.38
2887,-0.38
2888,-0.38
2889,-0.38
2890,-0.38
2891,-0.38
2892,-0.38
2893,-0.38
2894,-0.38
2895,-0.38
2896,-0.38
2897,-0.38
2898,-0.38
2899,-0.38
2900,-0.38
2901,-0.38
2902,-0.38
2903,-0.38
2904,-0.38
2905,-0.38
2906,-0.38
2907,-0.38
2908,-0.38
2909,-0.38
2910,-0.38
2911,-0.38
2912,-0.38
2913,-0.38
2914,-0.38
2915,-0.38
2916,-0.38
2917,-0.38
2918,-0.38
2919,-0.38
2920,-0.38
2921,-0.38
2922,-0.38
2923,-0.38
2924,-0.38
2925,-0.38
2926,-0.38
2927,-0.38
2928,-0.38
2929,-0.38
2930,-0.38
2931,-0.38
2932,-0.38
2933,-0.38
2934,-0.38
2935,-0.38
2936,-0.38
2937,-0.38
2938,-0.38
2939,-0.38
2940,-0.38
2941,-0.38
2942,-0.38
2943,-0.38
2944,-0.38
2945,-0.38
2946,-0.38
2947,-0.38
2948,-0.38
2949,-0.38
2950,-0.38
2951,-0.38
2952,-0.38
2953,-0.38
2954,-0.38
2955,-0.38
2956,-0.38
2957,-0.38
2958,-0.38
2959,-0.38
2960,-0.38
2961,-0.38
2962,-0.38
2963,-0.38
2964,-0.38
2965,-0.38
2966,-0.38
2967,-0.38
2968,-0.38
2969,-0.38
2970,-0.38
2971,-0.38
2972,-0.38
2973,-0.38
2974,-0.38
2975,-0.38
2976,-0.38
2977,-0.38
2978,-0.38
2979,-0.38
2980,-0.38
2981,-0.38
2982,-0.38
2983,-0.38
2984,-0.38
2985,-0.38
2986,-0.38
2987,-0.38
2988,-0.38
2989,-0.38
2990,-0.38
2991,-0.38
2992,-0.38
2993,-0.38
2994,-0.38
2995,-0.38
2996,-0.38
2997,-0.38
2998,-0.38
2999,-0.38
3000,-0.38
3001,-0.38
3002,-0.38
3003,-0.38
3004,-0.38
3005,-0.38
3006,-0.38
3007,-0.38
3008,-0.38
3009,-0.38
3010,-0.38
3011,-0.38
3012,-0.38
3013,-0.38
3014,-0.38
3015,-0.38
3016,-0.38
3017,-0.38
3018,-0.38
3019,-0.38
3020,-0.38
3021,-0.38
3022,-0.38
3023,-0.38
3024,-0.38
3025,-0.38
3026,-0.38
3027,-0.38
3028,-0.38
3029,-0.38
3030,-0.38
3031,-0.38
3032,-0.38
3033,-0.38
3034,-0.38
3035,-0.38
3036,-0.38
3037,-0.38
3038,-0.38
3039,-0.38
3040,-0.38
3041,-0.38
3042,-0.38
3043,-0.38
3044,-0.38
3045,-0.38
3046,-0.38
3047,-0.38
3048,-0.38
3049,-0.38
3050,-0.38
3051,-0.38
3052,-0.38
3053,-0.38
3054,-0.38
3055,-0.38
3056,-0.38
3057,-0.38
3058,-0.38
3059,-0.38
3060,-0.38
3061,-0.38
3062,-0.38
3063,-0.38
3064,-0.38
3065,-0.38
3066,-0.38
3067,-0.38
3068,-0.38
3069,-0.38
3070,-0.38
3071,-0.38
3072,-0.38
3073,-0.38
3074,-0.38
3075,-0.38
3076,-0.38
3077,-0.38
3078,-0.38
3079,-0.38
3080,-0.38
3081,-0.38
3082,-0.38
3083,-0.38
3084,-0.38
3085,-0.38
3086,-0.38
3087,-0.38
3088,-0.38
3089,-0.38
3090,-0.38
3091,-0.38
3092,-0.38
3093,-0.38
3094,-0.38
3095,-0.38
3096,-0.38
3097,-0.38
3098,-0.38
3099,-0.38
3100,-0.38
3101,-0.38
3102,-0.38
3103,-0.38
3104,-0.38
3105,-0.38
3106,-0.38
3107,-0.38
3108,-0.38
3109,-0.38
3110,-0.38
3111,-0.38
3112,-0.38
3113,-0.38
3114,-0.38
3115,-0.38
3116,-0.38
3117,-0.38
3118,-0.38
3119,-0.38
3120,-0.38
3121,-0.38
3122,-0.38
3123,-0.38
3124,-0.38
3125,-0.38
3126,-0.38
3127,-0.38
3128,-0.38
3129,-0.38
3130,-0.38
3131,-0.38
3132,-0.38
3133,-0.38
3134,-0.38
3135,-0.38
3136,-0.38
3137,-0.38
3138,-0.38
3139,-0.38
3140,-0.38
3141,-0.38
3142,-0.38
3143,-0.38
3144,-0.38
3145,-0.38
3146,-0.38
3147,-0.38
3148,-0.38
3149,-0.38
3150,-0.38
3151,-0.38
3152,-0.38
3153,-0.38
3154,-0.38
3155,-0.38
3156,-0.38
3157,-0.38
3158,-1.63
3159,-1.63
3160,-1.63
3161,-1.63
3162,-1.63
3163,-1.63
3164,-1.63
3165,-1.63
3166,-1.63
3167,-1.63
3168,-1.63
3169,-1.63
3170,-1.63
3171,-1.63
3172,-1.63
3173,-1.63
3174,-1.63
3175,-1.63
3176,-1.63
3177,-1.63
3178,-1.63
3179,-1.63
3180,-1.63
3181,-1.63
3182,-1.63
3183,-1.63
3184,-1.63
3185,-1.63
3186,-1.63
3187,-1.63
3188,-1.63
3189,-1.63
3190,-1.63
3191,-1.63
3192,-1.63
3193,-1.63
3194,-1.63
3195,-1.63
3196,-1.63
3197,-1.63
3198,-1.63
3199,-1.63
3200,-1.63
3201,-1.63
3202,-1.63
3203,-1.63
3204,-1.63
3205,-1.63
3206,-1.63
3207,-1.63
3208,-1.63
3209,-1.63
3210,-1.63
3211,-1.63
3212,-1.63
3213,-1.63
3214,-1.63
3215,-1.63
3216,-1.63
3217,-1.63
3218,-1.63
3219,-1.63
3220,-1.63
3221,-1.63
3222,-1.63
3223,-1.63
3224,-1.63
3225,-1.63
3226,-1.63
3227,-1.63
3228,-1.63
3229,-1.63
3230,-1.63
3231,-1.63
3232,-1.63
3233,-1.63
3234,-1.63
3235,-1.63
3236,-1.63
3237,-1.63
3238,-1.63
3239,-1.63
3240,-1.63
3241,-1.63
3242,-1.63
3243,-1.63
3244,-1.63
3245,-1.63
3246,-1.63
3247,-1.63
3248,-1.63
3249,-1.63
3250,-1.63
3251,-1.63
3252,-1.63
3253,-1.63
3254,-1.63
3255,-1.63
3256,-1.63
3257,-1.63
3258,-1.63
3259,-1.63
3260,-1.63
3261,-1.63
3262,-1.63
3263,-1.63
3264,-1.63
3265,-1.63
3266,-1.63
3267,-1.63
3268,-1.63
3269,-1.63
3270,-1.63
3271,-1.63
3272,-1.63
3273,-1.63
3274,-1.63
3275,-1.63
3276,-1.63
3277,-1.63
3278,-1.63
3279,-1.63
3280,-1.63
3281,-1.63
3282,-1.63
3283,-1.63
3284,-1.63
3285,-1.63
3286,-1.63
3287,-1.63
3288,-1.63
3289,-1.63
3290,-1.63
3291,-1.63
3292,-1.63
3293,-1.63
3294,-1.63
3295,-1.63
3296,-1.63
3297,-1.63
3298,-1.63
3299,-1.63
3300,-1.63
3301,-1.63
3302,-1.63
3303,-1.63
3304,-1.63
3305,-1.63
3306,-1.63
3307,-1.63
3308,-1.63
3309,-1.63
3310,-1.63
3311,-1.63
3312,-1.63
3313,-1.63
3314,-1.63
3315,-1.63
3316,-1.63
3317,-1.63
3318,-1.63
3319,-1.63
3320,-1.63
3321,-1.63
3322,-1.63
3323,-1.63
3324,-1.63
3325,-1.63
3326,-1.63
3327,-1.63
3328,-1.63
3329,-1.63
3330,-1.63
3331,-1.63
3332,-1.63
3333,-1.63
3334,-1.63
3335,-1.63
3336,-1.63
3337,-1.63
3338,-1.63
3339,-1.63
3340,-1.63
3341,-1.63
3342,-1.63
3343,-1.63
3344,-1.63
3345,-1.63
3346,-1.63
3347,-1.63
3348,-1.63
3349,-1.63
3350,-1.63
3351,-1.63
3352,-1.63
3353,-1.63
3354,-1.63
3355,-1.63
3356,-1.63
3357,-1.63
3358,-1.63
3359,-1.63
3360,-1.63
3361,-1.63
3362,-1.63
3363,-1.63
3364,-1.63
3365,-1.63
3366,-1.63
3367,-1.63
3368,-1.63
3369,-1.63
3370,-1.63
3371,-1.63
3372,-1.63
3373,-1.63
3374,-1.63
3375,-1.63
3376,-1.63
3377,-1.63
3378,-1.63
3379,-1.63
3380,-1.63
3381,-1.63
3382,-1.63
3383,-1.63
3384,-1.63
3385,-1.63
3386,-1.63
3387,-1.63
3388,-1.63
3389,-1.63
3390,-1.63
3391,-1.63
3392,-1.63
3393,-1.63
3394,-1.63
3395,-1.63
3396,-1.63
3397,-1.63
3398,-1.63
3399,-1.63
3400,-1.63
3401,-1.63
3402,-1.63
3403,-1.63
3404,-1.63
3405,-1.63
3406,-1.63
3407,-1.63
3408,-1.63
3409,-1.63
3410,-1.63
3411,-1.63
3412,-1.63
3413,-1.63
3414,-1.63
3415,-1.63
3416,-1.63
3417,-1.63
3418,-1.63
3419,-1.63
3420,-1.63
3421,-1.63
3422,-1.63
3423,-1.63
3424,-1.63
3425,-1.63
3426,-1.63
3427,-1.63
3428,-1.63
3429,-1.63
3430,-1.63
3431,-1.63
3432,-1.63
3433,-1.63
3434,-1.63
3435,-1.63
3436,-1.63
3437,-1.63
3438,-1.63
3439,-1.63
3440,-1.63
3441,-1.63
3442,-1.63
3443,-1.63
3444,-1.63
3445,-1.63
3446,-1.63
3447,-1.63
3448,-1.63
3449,-1.63
3450,-1.63
3451,-1.63
3452,-1.63
3453,-1.63
3454,-1.63
3455,-1.63
3456,-1.63
3457,-1.63
3458,-1.63
3459,-1.63
3460,-1.63
3461,-1.63
3462,-1.63
3463,-1.63
3464,-1.63
3465,-1.63
3466,-1.63
3467,-1.63
3468,-1.63
3469,-1.63
3470,-1.63
3471,-1.63
3472,-1.63
3473,-1.63
3474,-1.63
3475,-1.63
3476,-1.63
3477,-1.63
3478,-1.63
3479,-1.63
3480,-1.63
3481,-1.63
3482,-1.63
3483,-1.63
3484,-1.63
3485,-1.63
3486,-1.63
3487,-1.63
3488,-1.63
3489,-1.63
3490,-1.63
3491,-1.63
3492,-1.63
3493,-1.63
3494,-1.63
3495,-1.63
3496,-1.63
3497,-1.63
3498,-1.63
3499,-1.63
3500,-1.63
3501,-1.63
3502,-1.63
3503,-1.63
3504,-1.63
3505,-1.63
3506,-1.63
3507,-1.63
3508,-1.63
3509,-1.63
3510,-1.63
3511,-1.63
3512,-1.63
3513,-1.63
3514,-1.63
3515,-1.63
3516,-1.63
3517,-1.63
3518,-1.63
3519,-1.63
3520,-1.63
3521,-1.63
3522,-1.63
3523,-1.63
3524,-1.63
3525,-1.63
3526,-1.63
3527,-1.63
3528,-1.63
3529,-1.63
3530,-2.59
3531,-2.59
3532,-2.59
3533,-2.59
3534,-2.59
3535,-2.59
3536,-2.59
3537,-2.59
3538,-2.59
3539,-2.59
3540,-2.59
3541,-2.59
3542,-2.59
3543,-2.59
3544,-2.59
3545,-2.59
3546,-2.59
3547,-2.59
3548,-2.59
3549,-2.59
3550,-2.59
3551,-2.59
3552,-2.59
3553,-2.59
3554,-2.59
3555,-2.59
3556,-2.59
3557,-2.59
3558,-2.59
3559,-2.59
3560,-2.59
3561,-2.59
3562,-2.59
3563,-2.59
3564,-2.59
3565,-2.59
3566,-2.59
3567,-2.59
3568,-2.59
3569,-2.59
3570,-2.59
3571,-2.59
3572,-2.59
3573,-2.59
3574,-2.59
3575,-2.59
3576,-2.59
3577,-2.59
3578,-2.59
3579,-2.59
3580,-2.59
3581,-2.59
3582,-2.59
3583,-2.59
3584,-2.59
3585,-2.59
3586,-2.59
3587,-2.59
3588,-2.59
3589,-2.59
3590,-2.59
3591,-2.59
3592,-2.59
3593,-2.59
3594,-2.59
3595,-2.59
3596,-2.59
3597,-2.59
3598,-2.59
3599,-2.59
3600,-2.59
3601,-2.59
3602,-2.59
3603,-2.59
3604,-2.59
3605,-2.59
3606,-2.59
3607,-2.59
3608,-2.59
3609,-2.59
3610,-2.59
3611,-2.59
3612,-2.59
3613,-2.59
3614,-2.59
3615,-2.59
3616,-2.59
3617,-2.59
3618,-2.59
3619,-2.59
3620,-2.59
3621,-2.59
3622,-2.59
3623,-2.59
3624,-2.59
3625,-2.59
3626,-2.59
3627,-2.59
3628,-2.59
3629,-2.59
3630,-2.59
3631,-2.59
3632,-2.59
3633,-2.59
3634,-2.59
3635,-2.59
3636,-2.59
3637,-2.59
3638,-2.59
3639,-2.59
3640,-2.59
3641,-2.59
3642,-2.59
3643,-2.59
3644,-2.59
3645,-2.59
3646,-2.59
3647,-2.59
3648,-2.59
3649,-2.59
3650,-2.59
3651,-2.59
3652,-2.59
3653,-2.59
3654,-2.59
3655,-2.59
3656,-2.59
3657,-2.59
3658,-2.59
3659,-2.59
3660,-2.59
3661,-2.59
3662,-2.59
3663,-2.59
3664,-2.59
3665,-2.59
3666,-2.59
3667,-2.59
3668,-2.59
3669,-2.59
3670,-2.59
3671,-2.59
3672,-2.59
3673,-2.59
3674,-2.59
3675,-2.59
3676,-2.59
3677,-2.59
3678,-2.59
3679,-2.59
3680,-2.59
3681,-2.59
3682,-2.59
3683,-2.59
3684,-2.59
3685,-2.59
3686,-2.59
3687,-2.59
3688,-2.59
3689,-2.59
3690,-2.59
3691,-2.59
3692,-2.59
3693,-2.59
3694,-2.59
3695,-2.59
3696,-2.59
3697,-2.59
3698,-2.59
3699,-2.59
3700,-2.59
3701,-2.59
3702,-2.59
3703,-2.59
3704,-2.59
3705,-2.59
3706,-2.59
3707,-2.59
3708,-2.59
3709,-2.59
3710,-2.59
3711,-2.59
3712,-2.59
3713,-2.59
3714,-2.59
3715,-2.59
3716,0
3717,0
3718,0
3719,0
3720,0
3721,0
3722,0
3723,0
3724,0
3725,0
3726,0
3727,0
3728,0
3729,0
3730,0
3731,0
3732,0
3733,0
3734,0
3735,0
3736,0
3737,0
3738,0
3739,0
3740,0
3741,0
3742,0
3743,0
3744,0
3745,0
3746,0
3747,0
3748,0
3749,0
3750,0
3751,0
3752,0
3753,0
3754,0
3755,0
3756,0
3757,0
3758,0
3759,0
3760,0
3761,0
3762,0
3763,0
3764,0
3765,0
3766,0
3767,0
3768,0
3769,0
3770,0
3771,0
3772,0
3773,0
3774,0
3775,0
3776,0
3777,0
3778,0
3779,0
3780,0
3781,0
3782,0
3783,0
3784,0
3785,0
3786,0
3787,0
3788,0
3789,0
3790,0
3791,0
3792,0
3793,0
3794,0
3795,0
3796,0
3797,0
3798,0
3799,0
3800,0
3801,0
3802,0
3803,0
3804,0
3805,0
3806,0
3807,0
3808,0
3809,0
3810,0
3811,0
3812,0
3813,0
3814,0
3815,0
3816,0
3817,0
3818,0
3819,0
3820,0
3821,0
3822,0
3823,0
3824,0
3825,0
3826,0
3827,0
3828,0
3829,0
3830,0
3831,0
3832,0
3833,0
3834,0
3835,0
3836,0
3837,0
3838,0
3839,0
3840,0
3841,0
3842,0
3843,0
3844,0
3845,0
3846,0
3847,0
3848,0
3849,0
3850,0
3851,0
3852,0
3853,0
3854,0
3855,0
3856,0
3857,0
3858,0
3859,0
3860,0
3861,0
3862,0
3863,0
3864,0
3865,0
3866,0
3867,0
3868,0
3869,0
3870,0
3871,0
3872,0
3873,0
3874,0
3875,0
3876,0
3877,0
3878,0
3879,0
3880,0
3881,0
3882,0
3883,0
3884,0
3885,0
3886,0
3887,0
3888,0
3889,0
3890,0
3891,0
3892,0
3893,0
3894,0
3895,0
3896,0
3897,0
3898,0
3899,0
3900,0
3901,0
3902,0
3903,0
3904,0
3905,0
3906,0
3907,0
3908,0
3909,0
3910,0
3911,0
3912,0
3913,0
3914,0
3915,0
3916,0
3917,0
3918,0
3919,0
3920,0
3921,0
3922,0
3923,0
3924,0
3925,0
3926,0
3927,0
3928,0
3929,0
3930,0
3931,0
3932,0
3933,0
3934,0
3935,0
3936,0
3937,0
3938,0
3939,0
3940,0
3941,0
3942,0
3943,0
3944,0
3945,0
3946,0
3947,0
3948,0
3949,0
3950,0
3951,0
3952,0
3953,0
3954,0
3955,0
3956,0
3957,0
3958,0
3959,0
3960,0
3961,0
3962,0
3963,0
3964,0
3965,0
3966,0
3967,0
3968,0
3969,0
3970,0
3971,0
3972,0
3973,0
3974,0
3975,0
3976,0
3977,0
3978,0
3979,0
3980,0
3981,0
3982,0
3983,0
3984,0
3985,0
3986,0
3987,0
3988,0
3989,0
3990,0
3991,0
3992,0
3993,0
3994,0
3995,0
3996,0
3997,0
3998,0
3999,0
4000,0
4001,0
4002,0
4003,0
4004,0
4005,0
4006,0
4007,0
4008,0
4009,0
4010,0
4011,0
4012,0
4013,0
4014,0
4015,0
4016,0
4017,0
4018,0
4019,0
4020,0
4021,0
4022,0
4023,0
4024,0
4025,0
4026,0
4027,0
4028,0
4029,0
4030,0
4031,0
4032,0
4033,0
4034,0
4035,0
4036,0
4037,0
4038,0
4039,0
4040,0
4041,0
4042,0
4043,0
4044,0
4045,0
4046,0
4047,0
4048,0
4049,0
4050,0
4051,0
4052,0
4053,0
4054,0
4055,0
4056,0
4057,0
4058,0
4059,0
4060,0
4061,0
4062,0
4063,0
4064,0
4065,0
4066,0
4067,0
4068,0
4069,0
4070,0
4071,0
4072,0
4073,0
4074,0
4075,0
4076,0
4077,0
4078,0
4079,0
4080,0
4081,0
4082,0
4083,0
4084,0
4085,0
4086,0
4087,0
4088,0
4089,0
4090,0
4091,0
4092,0
4093,0
4094,0
4095,0
4096,0
