4,0.28
5,0.29
6,0.29
7,0.28
8,0.26
9,0.24
10,0.23
11,0.23
12,0.2
13,0.19
14,0.19
15,0.17
16,0.15
17,0.15
18,0.13
19,0.13
20,0.11
21,0.11
22,0.11
23,0.09
24,0.09
25,0.07
26,0.07
27,0.07
28,0.05
29,0.05
30,0.05
31,0.05
32,0.04
33,0.04
34,0.04
35,0.04
36,0.03
37,0.03
38,0.03
39,0.03
40,0.01
41,0.01
42,0.01
43,0.01
44,0.01
45,0
46,0
47,0
48,0
49,0
50,-0.01
51,-0.01
52,-0.01
53,-0.01
54,-0.01
55,-0.01
56,-0.02
57,-0.02
58,-0.02
59,-0.02
60,-0.02
61,-0.02
62,-0.02
63,-0.03
64,-0.03
65,-0.03
66,-0.03
67,-0.03
68,-0.03
69,-0.03
70,-0.03
71,-0.04
72,-0.04
73,-0.04
74,-0.04
75,-0.04
76,-0.04
77,-0.04
78,-0.04
79,-0.04
80,-0.04
81,-0.04
82,-0.04
83,-0.04
84,-0.04
85,-0.04
86,-0.04
87,-0.04
88,-0.04
89,-0.01
90,-0.01
91,-0.01
92,-0.01
93,-0.01
94,-0.01
95,-0.01
96,-0.01
97,-0.01
98,-0.01
99,0.05
100,0.05
101,0.05
102,0.05
103,0.05
104,0.05
105,0.05
106,0.05
107,0.05
108,0.05
109,0.05
110,0.05
111,0.03
112,0.03
113,0.03
114,0.03
115,0.03
116,0.03
117,0.03
118,0.03
119,0.03
120,0.03
121,0.03
122,0.03
123,0.03
124,0.03
125,0.02
126,0.02
127,0.02
128,0.02
129,0.02
130,0.02
131,0.02
132,0.02
133,0.02
134,0.02
135,0.02
136,0.02
137,0.02
138,0.02
139,0.02
140,0.02
141,0.02
142,0.02
143,0.02
144,0.02
145,0.02
146,0.02
147,0.02
148,0.02
149,0.02
150,0.02
151,0.02
152,0.02
153,0.02
154,0.02
155,0.02
156,0.02
157,0.02
158,0.01
159,0.01
160,0.01
161,0.01
162,0.01
163,0.01
164,0.01
165,0.01
166,0.01
167,0.01
168,0.01
169,0.01
170,0.01
171,0.01
172,0.01
173,0.01
174,0.01
175,0.01
176,0.01
177,0.01
178,0.01
179,0.01
180,0.01
181,0.01
182,0.01
183,0.01
184,0.01
185,0.01
186,0.01
187,0.01
188,0.01
189,0.01
190,0.01
191,0.01
192,0.01
193,0.01
194,0.01
195,0.01
196,0.01
197,0.04
198,0.04
199,0.04
200,0.04
201,0.04
202,0.04
203,0.04
204,0.04
205,0.04
206,0.04
207,0.04
208,0.04
209,0.04
210,0.04
211,0.04
212,0.04
213,0.04
214,0.04
215,0.04
216,0.04
217,0.04
218,0.04
219,0.04
220,0.04
221,0.07
222,0.07
223,0.07
224,0.07
225,0.07
226,0.07
227,0.07
228,0.07
229,0.07
230,0.07
231,0.07
232,0.07
233,0.07
234,0.07
235,0.07
236,0.07
237,0.07
238,0.07
239,0.07
240,0.07
241,0.07
242,0.07
243,0.07
244,0.07
245,0.07
246,0.07
247,0.06
248,0.06
249,0.06
250,0.06
251,0.06
252,0.06
253,0.06
254,0.06
255,0.06
256,0.06
257,0.06
258,0.06
259,0.06
260,0.06
261,0.06
262,0.06
263,0.06
264,0.06
265,0.06
266,0.06
267,0.06
268,0.06
269,0.06
270,0.06
271,0.06
272,0.06
273,0.06
274,0.06
275,0.06
276,0.06
277,0.06
278,0.06
279,0.06
280,0.06
281,0.06
282,0.06
283,0.06
284,0.06
285,0.06
286,0.06
287,0.06
288,0.06
289,0.06
290,0.06
291,0.06
292,0.06
293,0.06
294,0.06
295,0.06
296,0.06
297,0.06
298,0.06
299,0.06
300,0.06
301,0.06
302,0.06
303,0.06
304,0.06
305,0.06
306,0.06
307,0.06
308,0.06
309,0.06
310,0.06
311,0.06
312,0.06
313,0.06
314,0.06
315,0.06
316,0.04
317,0.04
318,0.04
319,0.04
320,0.04
321,0.04
322,0.04
323,0.04
324,0.04
325,0.04
326,0.04
327,0.04
328,0.04
329,0.04
330,0.04
331,0.04
332,0.04
333,0.04
334,0.04
335,0.04
336,0.04
337,0.04
338,0.04
339,0.04
340,0.04
341,0.04
342,0.04
343,0.04
344,0.04
345,0.04
346,0.04
347,0.04
348,0.04
349,0.04
350,0.04
351,0.04
352,0.04
353,0.01
354,0.01
355,0.01
356,0.01
357,0.01
358,0.01
359,0.01
360,0.01
361,0.01
362,0.01
363,0.01
364,0.01
365,0.01
366,0.01
367,0.01
368,0.01
369,0.01
370,0.01
371,0.01
372,0.01
373,0.01
374,0.01
375,0.01
376,0.01
377,0.01
378,0.01
379,0.01
380,0.01
381,0.01
382,0.01
383,0.01
384,0.01
385,0.01
386,0.01
387,0.01
388,0.01
389,0.01
390,0.01
391,0.01
392,0.01
393,0.01
394,0.01
395,0.01
396,0.01
397,0.01
398,0.01
399,0.01
400,0.01
401,0.01
402,0.01
403,0.01
404,0.01
405,0.01
406,0.01
407,0.01
408,0.01
409,0.01
410,0.01
411,0.01
412,0.01
413,0.01
414,0.01
415,0.01
416,0.01
417,0.01
418,0.01
419,0.01
420,0.01
421,0.01
422,0.01
423,0.01
424,0.01
425,0.01
426,0.01
427,0.01
428,0.01
429,0.01
430,0.01
431,0.01
432,0.01
433,0.01
434,0.01
435,0.01
436,0.01
437,0.01
438,0.01
439,0.01
440,0.01
441,0.03
442,0.03
443,0.03
444,0.03
445,0.03
446,0.03
447,0.03
448,0.03
449,0.03
450,0.03
451,0.03
452,0.03
453,0.03
454,0.03
455,0.03
456,0.03
457,0.03
458,0.03
459,0.03
460,0.03
461,0.03
462,0.03
463,0.03
464,0.03
465,0.03
466,0.03
467,0.03
468,0.03
469,0.03
470,0.03
471,0.03
472,0.03
473,0.03
474,0.03
475,0.03
476,0.03
477,0.03
478,0.03
479,0.03
480,0.03
481,0.03
482,0.03
483,0.03
484,0.03
485,0.03
486,0.03
487,0.03
488,0.03
489,0.03
490,0.03
491,0.03
492,0.03
493,0.04
494,0.04
495,0.04
496,0.04
497,0.04
498,0.04
499,0.04
500,0.04
501,0.04
502,0.04
503,0.04
504,0.04
505,0.04
506,0.04
507,0.04
508,0.04
509,0.04
510,0.04
511,0.04
512,0.04
513,0.04
514,0.04
515,0.04
516,0.04
517,0.04
518,0.04
519,0.04
520,0.04
521,0.04
522,0.04
523,0.04
524,0.04
525,0.04
526,0.04
527,0.04
528,0.04
529,0.04
530,0.04
531,0.04
532,0.04
533,0.04
534,0.04
535,0.04
536,0.04
537,0.04
538,0.04
539,0.04
540,0.04
541,0.04
542,0.04
543,0.04
544,0.04
545,0.04
546,0.04
547,0.04
548,0.04
549,0.04
550,0.04
551,0.04
552,0.04
553,0.01
554,0.01
555,0.01
556,0.01
557,0.01
558,0.01
559,0.01
560,0.01
561,0.01
562,0.01
563,0.01
564,0.01
565,0.01
566,0.01
567,0.01
568,0.01
569,0.01
570,0.01
571,0.01
572,0.01
573,0.01
574,0.01
575,0.01
576,0.01
577,0.01
578,0.01
579,0.01
580,0.01
581,0.01
582,0.01
583,0.01
584,0.01
585,0.01
586,0.01
587,0.01
588,0.01
589,0.01
590,0.01
591,0.01
592,0.01
593,0.01
594,0.01
595,0.01
596,0.01
597,0.01
598,0.01
599,0.01
600,0.01
601,0.01
602,0.01
603,0.01
604,0.01
605,0.01
606,0.01
607,0.01
608,0.01
609,0.01
610,0.01
611,0.01
612,0.01
613,0.01
614,0.01
615,0.01
616,0.01
617,0.01
618,0.01
619,0.01
620,0.01
621,0.01
622,0.01
623,0.01
624,0.01
625,0.01
626,0.01
627,0.01
628,0.01
629,0.01
630,0.01
631,0.01
632,0.01
633,0.01
634,0.01
635,0.01
636,0.01
637,0.01
638,0.01
639,0.01
640,0.01
641,0.01
642,0.01
643,0.01
644,0.01
645,0.01
646,0.01
647,0.01
648,0.01
649,0.01
650,0.01
651,0.01
652,0.01
653,0.01
654,0.01
655,0.01
656,0.01
657,0.01
658,0.01
659,0.01
660,0.01
661,0.01
662,0.01
663,0.01
664,0.01
665,0.01
666,0.01
667,0.01
668,0.01
669,0.01
670,0.01
671,0.01
672,0.01
673,0.01
674,0.01
675,0.01
676,0.01
677,0.01
678,0.01
679,0.01
680,0.01
681,0.01
682,0.01
683,0.01
684,0.01
685,0.01
686,0.01
687,0.01
688,0.01
689,0.01
690,0.01
691,0.01
692,0.01
693,0.01
694,0.01
695,0.01
696,0.01
697,0.01
698,0.01
699,0.01
700,0.01
701,0.01
702,0.02
703,0.02
704,0.02
705,0.02
706,0.02
707,0.02
708,0.02
709,0.02
710,0.02
711,0.02
712,0.02
713,0.02
714,0.02
715,0.02
716,0.02
717,0.02
718,0.02
719,0.02
720,0.02
721,0.02
722,0.02
723,0.02
724,0.02
725,0.02
726,0.02
727,0.02
728,0.02
729,0.02
730,0.02
731,0.02
732,0.02
733,0.02
734,0.02
735,0.02
736,0.02
737,0.02
738,0.02
739,0.02
740,0.02
741,0.02
742,0.02
743,0.02
744,0.02
745,0.02
746,0.02
747,0.02
748,0.02
749,0.02
750,0.02
751,0.02
752,0.02
753,0.02
754,0.02
755,0.02
756,0.02
757,0.02
758,0.02
759,0.02
760,0.02
761,0.02
762,0.02
763,0.02
764,0.02
765,0.02
766,0.02
767,0.02
768,0.02
769,0.02
770,0.02
771,0.02
772,0.02
773,0.02
774,0.02
775,0.02
776,0.02
777,0.02
778,0.02
779,0.02
780,0.02
781,0.02
782,0.02
783,0.02
784,0.02
785,0.02
786,0.02
787,0.02
788,0.02
789,0.02
790,-0.06
791,-0.06
792,-0.06
793,-0.06
794,-0.06
795,-0.06
796,-0.06
797,-0.06
798,-0.06
799,-0.06
800,-0.06
801,-0.06
802,-0.06
803,-0.06
804,-0.06
805,-0.06
806,-0.06
807,-0.06
808,-0.06
809,-0.06
810,-0.06
811,-0.06
812,-0.06
813,-0.06
814,-0.06
815,-0.06
816,-0.06
817,-0.06
818,-0.06
819,-0.06
820,-0.06
821,-0.06
822,-0.06
823,-0.06
824,-0.06
825,-0.06
826,-0.06
827,-0.06
828,-0.06
829,-0.06
830,-0.06
831,-0.06
832,-0.06
833,-0.06
834,-0.06
835,-0.06
836,-0.06
837,-0.06
838,-0.06
839,-0.06
840,-0.06
841,-0.06
842,-0.06
843,-0.06
844,-0.06
845,-0.06
846,-0.06
847,-0.06
848,-0.06
849,-0.06
850,-0.06
851,-0.06
852,-0.06
853,-0.06
854,-0.06
855,-0.06
856,-0.06
857,-0.06
858,-0.06
859,-0.06
860,-0.06
861,-0.06
862,-0.06
863,-0.06
864,-0.06
865,-0.06
866,-0.06
867,-0.06
868,-0.06
869,-0.06
870,-0.06
871,-0.06
872,-0.06
873,-0.06
874,-0.06
875,-0.06
876,-0.06
877,-0.06
878,-0.06
879,-0.06
880,-0.06
881,-0.06
882,-0.06
883,-0.09
884,-0.09
885,-0.09
886,-0.09
887,-0.09
888,-0.09
889,-0.09
890,-0.09
891,-0.09
892,-0.09
893,-0.09
894,-0.09
895,-0.09
896,-0.09
897,-0.09
898,-0.09
899,-0.09
900,-0.09
901,-0.09
902,-0.09
903,-0.09
904,-0.09
905,-0.09
906,-0.09
907,-0.09
908,-0.09
909,-0.09
910,-0.09
911,-0.09
912,-0.09
913,-0.09
914,-0.09
915,-0.09
916,-0.09
917,-0.09
918,-0.09
919,-0.09
920,-0.09
921,-0.09
922,-0.09
923,-0.09
924,-0.09
925,-0.09
926,-0.09
927,-0.09
928,-0.09
929,-0.09
930,-0.09
931,-0.09
932,-0.09
933,-0.09
934,-0.09
935,-0.09
936,-0.09
937,-0.09
938,-0.09
939,-0.09
940,-0.09
941,-0.09
942,-0.09
943,-0.09
944,-0.09
945,-0.09
946,-0.09
947,-0.09
948,-0.09
949,-0.09
950,-0.09
951,-0.09
952,-0.09
953,-0.09
954,-0.09
955,-0.09
956,-0.09
957,-0.09
958,-0.09
959,-0.09
960,-0.09
961,-0.09
962,-0.09
963,-0.09
964,-0.09
965,-0.09
966,-0.09
967,-0.09
968,-0.09
969,-0.09
970,-0.09
971,-0.09
972,-0.09
973,-0.09
974,-0.09
975,-0.09
976,-0.09
977,-0.09
978,-0.09
979,-0.09
980,-0.09
981,-0.09
982,-0.09
983,-0.09
984,-0.09
985,-0.04
986,-0.04
987,-0.04
988,-0.04
989,-0.04
990,-0.04
991,-0.04
992,-0.04
993,-0.04
994,-0.04
995,-0.04
996,-0.04
997,-0.04
998,-0.04
999,-0.04
1000,-0.04
1001,-0.04
1002,-0.04
1003,-0.04
1004,-0.04
1005,-0.04
1006,-0.04
1007,-0.04
1008,-0.04
1009,-0.04
1010,-0.04
1011,-0.04
1012,-0.04
1013,-0.04
1014,-0.04
1015,-0.04
1016,-0.04
1017,-0.04
1018,-0.04
1019,-0.04
1020,-0.04
1021,-0.04
1022,-0.04
1023,-0.04
1024,-0.04
1025,-0.04
1026,-0.04
1027,-0.04
1028,-0.04
1029,-0.04
1030,-0.04
1031,-0.04
1032,-0.04
1033,-0.04
1034,-0.04
1035,-0.04
1036,-0.04
1037,-0.04
1038,-0.04
1039,-0.04
1040,-0.04
1041,-0.04
1042,-0.04
1043,-0.04
1044,-0.04
1045,-0.04
1046,-0.04
1047,-0.04
1048,-0.04
1049,-0.04
1050,-0.04
1051,-0.04
1052,-0.04
1053,-0.04
1054,-0.04
1055,-0.04
1056,-0.04
1057,-0.04
1058,-0.04
1059,-0.04
1060,-0.04
1061,-0.04
1062,-0.04
1063,-0.04
1064,-0.04
1065,-0.04
1066,-0.04
1067,-0.04
1068,-0.04
1069,-0.04
1070,-0.04
1071,-0.04
1072,-0.04
1073,-0.04
1074,-0.04
1075,-0.04
1076,-0.04
1077,-0.04
1078,-0.04
1079,-0.04
1080,-0.04
1081,-0.04
1082,-0.04
1083,-0.04
1084,-0.04
1085,-0.04
1086,-0.04
1087,-0.04
1088,-0.04
1089,-0.04
1090,-0.04
1091,-0.04
1092,-0.04
1093,-0.04
1094,-0.04
1095,-0.04
1096,-0.04
1097,-0.04
1098,-0.04
1099,-0.04
1100,-0.04
1101,-0.04
1102,-0.04
1103,-0.04
1104,-0.04
1105,-0.04
1106,0.05
1107,0.05
1108,0.05
1109,0.05
1110,0.05
1111,0.05
1112,0.05
1113,0.05
1114,0.05
1115,0.05
1116,0.05
1117,0.05
1118,0.05
1119,0.05
1120,0.05
1121,0.05
1122,0.05
1123,0.05
1124,0.05
1125,0.05
1126,0.05
1127,0.05
1128,0.05
1129,0.05
1130,0.05
1131,0.05
1132,0.05
1133,0.05
1134,0.05
1135,0.05
1136,0.05
1137,0.05
1138,0.05
1139,0.05
1140,0.05
1141,0.05
1142,0.05
1143,0.05
1144,0.05
1145,0.05
1146,0.05
1147,0.05
1148,0.05
1149,0.05
1150,0.05
1151,0.05
1152,0.05
1153,0.05
1154,0.05
1155,0.05
1156,0.05
1157,0.05
1158,0.05
1159,0.05
1160,0.05
1161,0.05
1162,0.05
1163,0.05
1164,0.05
1165,0.05
1166,0.05
1167,0.05
1168,0.05
1169,0.05
1170,0.05
1171,0.05
1172,0.05
1173,0.05
1174,0.05
1175,0.05
1176,0.05
1177,0.05
1178,0.05
1179,0.05
1180,0.05
1181,0.05
1182,0.05
1183,0.05
1184,0.05
1185,0.05
1186,0.05
1187,0.05
1188,0.05
1189,0.05
1190,0.05
1191,0.05
1192,0.05
1193,0.05
1194,0.05
1195,0.05
1196,0.05
1197,0.05
1198,0.05
1199,0.05
1200,0.05
1201,0.05
1202,0.05
1203,0.05
1204,0.05
1205,0.05
1206,0.05
1207,0.05
1208,0.05
1209,0.05
1210,0.05
1211,0.05
1212,0.05
1213,0.05
1214,0.05
1215,0.05
1216,0.05
1217,0.05
1218,0.05
1219,0.05
1220,0.05
1221,0.05
1222,0.05
1223,0.05
1224,0.05
1225,0.05
1226,0.05
1227,0.05
1228,0.05
1229,0.05
1230,0.05
1231,0.05
1232,0.05
1233,0.05
1234,0.05
1235,0.05
1236,0.05
1237,0.05
1238,0.05
1239,0.05
1240,0.05
1241,0.05
1242,0.05
1243,0.05
1244,0.05
1245,0.07
1246,0.07
1247,0.07
1248,0.07
1249,0.07
1250,0.07
1251,0.07
1252,0.07
1253,0.07
1254,0.07
1255,0.07
1256,0.07
1257,0.07
1258,0.07
1259,0.07
1260,0.07
1261,0.07
1262,0.07
1263,0.07
1264,0.07
1265,0.07
1266,0.07
1267,0.07
1268,0.07
1269,0.07
1270,0.07
1271,0.07
1272,0.07
1273,0.07
1274,0.07
1275,0.07
1276,0.07
1277,0.07
1278,0.07
1279,0.07
1280,0.07
1281,0.07
1282,0.07
1283,0.07
1284,0.07
1285,0.07
1286,0.07
1287,0.07
1288,0.07
1289,0.07
1290,0.07
1291,0.07
1292,0.07
1293,0.07
1294,0.07
1295,0.07
1296,0.07
1297,0.07
1298,0.07
1299,0.07
1300,0.07
1301,0.07
1302,0.07
1303,0.07
1304,0.07
1305,0.07
1306,0.07
1307,0.07
1308,0.07
1309,0.07
1310,0.07
1311,0.07
1312,0.07
1313,0.07
1314,0.07
1315,0.07
1316,0.07
1317,0.07
1318,0.07
1319,0.07
1320,0.07
1321,0.07
1322,0.07
1323,0.07
1324,0.07
1325,0.07
1326,0.07
1327,0.07
1328,0.07
1329,0.07
1330,0.07
1331,0.07
1332,0.07
1333,0.07
1334,0.07
1335,0.07
1336,0.07
1337,0.07
1338,0.07
1339,0.07
1340,0.07
1341,0.07
1342,0.07
1343,0.07
1344,0.07
1345,0.07
1346,0.07
1347,0.07
1348,0.07
1349,0.07
1350,0.07
1351,0.07
1352,0.07
1353,0.07
1354,0.07
1355,0.07
1356,0.07
1357,0.07
1358,0.07
1359,0.07
1360,0.07
1361,0.07
1362,0.07
1363,0.07
1364,0.07
1365,0.07
1366,0.07
1367,0.07
1368,0.07
1369,0.07
1370,0.07
1371,0.07
1372,0.07
1373,0.07
1374,0.07
1375,0.07
1376,0.07
1377,0.07
1378,0.07
1379,0.07
1380,0.07
1381,0.07
1382,0.07
1383,0.07
1384,0.07
1385,0.07
1386,0.07
1387,0.07
1388,0.07
1389,0.07
1390,0.07
1391,0.07
1392,0.07
1393,0.07
1394,0.07
1395,0.07
1396,0.07
1397,0.07
1398,0.07
1399,0.07
1400,0.07
1401,0.07
1402,0.07
1403,0.11
1404,0.11
1405,0.11
1406,0.11
1407,0.11
1408,0.11
1409,0.11
1410,0.11
1411,0.11
1412,0.11
1413,0.11
1414,0.11
1415,0.11
1416,0.11
1417,0.11
1418,0.11
1419,0.11
1420,0.11
1421,0.11
1422,0.11
1423,0.11
1424,0.11
1425,0.11
1426,0.11
1427,0.11
1428,0.11
1429,0.11
1430,0.11
1431,0.11
1432,0.11
1433,0.11
1434,0.11
1435,0.11
1436,0.11
1437,0.11
1438,0.11
1439,0.11
1440,0.11
1441,0.11
1442,0.11
1443,0.11
1444,0.11
1445,0.11
1446,0.11
1447,0.11
1448,0.11
1449,0.11
1450,0.11
1451,0.11
1452,0.11
1453,0.11
1454,0.11
1455,0.11
1456,0.11
1457,0.11
1458,0.11
1459,0.11
1460,0.11
1461,0.11
1462,0.11
1463,0.11
1464,0.11
1465,0.11
1466,0.11
1467,0.11
1468,0.11
1469,0.11
1470,0.11
1471,0.11
1472,0.11
1473,0.11
1474,0.11
1475,0.11
1476,0.11
1477,0.11
1478,0.11
1479,0.11
1480,0.11
1481,0.11
1482,0.11
1483,0.11
1484,0.11
1485,0.11
1486,0.11
1487,0.11
1488,0.11
1489,0.11
1490,0.11
1491,0.11
1492,0.11
1493,0.11
1494,0.11
1495,0.11
1496,0.11
1497,0.11
1498,0.11
1499,0.11
1500,0.11
1501,0.11
1502,0.11
1503,0.11
1504,0.11
1505,0.11
1506,0.11
1507,0.11
1508,0.11
1509,0.11
1510,0.11
1511,0.11
1512,0.11
1513,0.11
1514,0.11
1515,0.11
1516,0.11
1517,0.11
1518,0.11
1519,0.11
1520,0.11
1521,0.11
1522,0.11
1523,0.11
1524,0.11
1525,0.11
1526,0.11
1527,0.11
1528,0.11
1529,0.11
1530,0.11
1531,0.11
1532,0.11
1533,0.11
1534,0.11
1535,0.11
1536,0.11
1537,0.11
1538,0.11
1539,0.11
1540,0.11
1541,0.11
1542,0.11
1543,0.11
1544,0.11
1545,0.11
1546,0.11
1547,0.11
1548,0.11
1549,0.11
1550,0.11
1551,0.11
1552,0.11
1553,0.11
1554,0.11
1555,0.11
1556,0.11
1557,0.11
1558,0.11
1559,0.11
1560,0.11
1561,0.11
1562,0.11
1563,0.11
1564,0.11
1565,0.11
1566,0.11
1567,0.11
1568,0.11
1569,0.11
1570,0.11
1571,0.11
1572,0.11
1573,0.11
1574,0.11
1575,0.11
1576,0.11
1577,0.11
1578,0.11
1579,0.06
1580,0.06
1581,0.06
1582,0.06
1583,0.06
1584,0.06
1585,0.06
1586,0.06
1587,0.06
1588,0.06
1589,0.06
1590,0.06
1591,0.06
1592,0.06
1593,0.06
1594,0.06
1595,0.06
1596,0.06
1597,0.06
1598,0.06
1599,0.06
1600,0.06
1601,0.06
1602,0.06
1603,0.06
1604,0.06
1605,0.06
1606,0.06
1607,0.06
1608,0.06
1609,0.06
1610,0.06
1611,0.06
1612,0.06
1613,0.06
1614,0.06
1615,0.06
1616,0.06
1617,0.06
1618,0.06
1619,0.06
1620,0.06
1621,0.06
1622,0.06
1623,0.06
1624,0.06
1625,0.06
1626,0.06
1627,0.06
1628,0.06
1629,0.06
1630,0.06
1631,0.06
1632,0.06
1633,0.06
1634,0.06
1635,0.06
1636,0.06
1637,0.06
1638,0.06
1639,0.06
1640,0.06
1641,0.06
1642,0.06
1643,0.06
1644,0.06
1645,0.06
1646,0.06
1647,0.06
1648,0.06
1649,0.06
1650,0.06
1651,0.06
1652,0.06
1653,0.06
1654,0.06
1655,0.06
1656,0.06
1657,0.06
1658,0.06
1659,0.06
1660,0.06
1661,0.06
1662,0.06
1663,0.06
1664,0.06
1665,0.06
1666,0.06
1667,0.06
1668,0.06
1669,0.06
1670,0.06
1671,0.06
1672,0.06
1673,0.06
1674,0.06
1675,0.06
1676,0.06
1677,0.06
1678,0.06
1679,0.06
1680,0.06
1681,0.06
1682,0.06
1683,0.06
1684,0.06
1685,0.06
1686,0.06
1687,0.06
1688,0.06
1689,0.06
1690,0.06
1691,0.06
1692,0.06
1693,0.06
1694,0.06
1695,0.06
1696,0.06
1697,0.06
1698,0.06
1699,0.06
1700,0.06
1701,0.06
1702,0.06
1703,0.06
1704,0.06
1705,0.06
1706,0.06
1707,0.06
1708,0.06
1709,0.06
1710,0.06
1711,0.06
1712,0.06
1713,0.06
1714,0.06
1715,0.06
1716,0.06
1717,0.06
1718,0.06
1719,0.06
1720,0.06
1721,0.06
1722,0.06
1723,0.06
1724,0.06
1725,0.06
1726,0.06
1727,0.06
1728,0.06
1729,0.06
1730,0.06
1731,0.06
1732,0.06
1733,0.06
1734,0.06
1735,0.06
1736,0.06
1737,0.06
1738,0.06
1739,0.06
1740,0.06
1741,0.06
1742,0.06
1743,0.06
1744,0.06
1745,0.06
1746,0.06
1747,0.06
1748,0.06
1749,0.06
1750,0.06
1751,0.06
1752,0.06
1753,0.06
1754,0.06
1755,0.06
1756,0.06
1757,0.06
1758,0.06
1759,0.06
1760,0.06
1761,0.06
1762,0.06
1763,0.06
1764,0.06
1765,-0.04
1766,-0.04
1767,-0.04
1768,-0.04
1769,-0.04
1770,-0.04
1771,-0.04
1772,-0.04
1773,-0.04
1774,-0.04
1775,-0.04
1776,-0.04
1777,-0.04
1778,-0.04
1779,-0.04
1780,-0.04
1781,-0.04
1782,-0.04
1783,-0.04
1784,-0.04
1785,-0.04
1786,-0.04
1787,-0.04
1788,-0.04
1789,-0.04
1790,-0.04
1791,-0.04
1792,-0.04
1793,-0.04
1794,-0.04
1795,-0.04
1796,-0.04
1797,-0.04
1798,-0.04
1799,-0.04
1800,-0.04
1801,-0.04
1802,-0.04
1803,-0.04
1804,-0.04
1805,-0.04
1806,-0.04
1807,-0.04
1808,-0.04
1809,-0.04
1810,-0.04
1811,-0.04
1812,-0.04
1813,-0.04
1814,-0.04
1815,-0.04
1816,-0.04
1817,-0.04
1818,-0.04
1819,-0.04
1820,-0.04
1821,-0.04
1822,-0.04
1823,-0.04
1824,-0.04
1825,-0.04
1826,-0.04
1827,-0.04
1828,-0.04
1829,-0.04
1830,-0.04
1831,-0.04
1832,-0.04
1833,-0.04
1834,-0.04
1835,-0.04
1836,-0.04
1837,-0.04
1838,-0.04
1839,-0.04
1840,-0.04
1841,-0.04
1842,-0.04
1843,-0.04
1844,-0.04
1845,-0.04
1846,-0.04
1847,-0.04
1848,-0.04
1849,-0.04
1850,-0.04
1851,-0.04
1852,-0.04
1853,-0.04
1854,-0.04
1855,-0.04
1856,-0.04
1857,-0.04
1858,-0.04
1859,-0.04
1860,-0.04
1861,-0.04
1862,-0.04
1863,-0.04
1864,-0.04
1865,-0.04
1866,-0.04
1867,-0.04
1868,-0.04
1869,-0.04
1870,-0.04
1871,-0.04
1872,-0.04
1873,-0.04
1874,-0.04
1875,-0.04
1876,-0.04
1877,-0.04
1878,-0.04
1879,-0.04
1880,-0.04
1881,-0.04
1882,-0.04
1883,-0.04
1884,-0.04
1885,-0.04
1886,-0.04
1887,-0.04
1888,-0.04
1889,-0.04
1890,-0.04
1891,-0.04
1892,-0.04
1893,-0.04
1894,-0.04
1895,-0.04
1896,-0.04
1897,-0.04
1898,-0.04
1899,-0.04
1900,-0.04
1901,-0.04
1902,-0.04
1903,-0.04
1904,-0.04
1905,-0.04
1906,-0.04
1907,-0.04
1908,-0.04
1909,-0.04
1910,-0.04
1911,-0.04
1912,-0.04
1913,-0.04
1914,-0.04
1915,-0.04
1916,-0.04
1917,-0.04
1918,-0.04
1919,-0.04
1920,-0.04
1921,-0.04
1922,-0.04
1923,-0.04
1924,-0.04
1925,-0.04
1926,-0.04
1927,-0.04
1928,-0.04
1929,-0.04
1930,-0.04
1931,-0.04
1932,-0.04
1933,-0.04
1934,-0.04
1935,-0.04
1936,-0.04
1937,-0.04
1938,-0.04
1939,-0.04
1940,-0.04
1941,-0.04
1942,-0.04
1943,-0.04
1944,-0.04
1945,-0.04
1946,-0.04
1947,-0.04
1948,-0.04
1949,-0.04
1950,-0.04
1951,-0.04
1952,-0.04
1953,-0.04
1954,-0.04
1955,-0.04
1956,-0.04
1957,-0.04
1958,-0.04
1959,-0.04
1960,-0.04
1961,-0.04
1962,-0.04
1963,-0.04
1964,-0.04
1965,-0.04
1966,-0.04
1967,-0.04
1968,-0.04
1969,-0.04
1970,-0.08
1971,-0.08
1972,-0.08
1973,-0.08
1974,-0.08
1975,-0.08
1976,-0.08
1977,-0.08
1978,-0.08
1979,-0.08
1980,-0.08
1981,-0.08
1982,-0.08
1983,-0.08
1984,-0.08
1985,-0.08
1986,-0.08
1987,-0.08
1988,-0.08
1989,-0.08
1990,-0.08
1991,-0.08
1992,-0.08
1993,-0.08
1994,-0.08
1995,-0.08
1996,-0.08
1997,-0.08
1998,-0.08
1999,-0.08
2000,-0.08
2001,-0.08
2002,-0.08
2003,-0.08
2004,-0.08
2005,-0.08
2006,-0.08
2007,-0.08
2008,-0.08
2009,-0.08
2010,-0.08
2011,-0.08
2012,-0.08
2013,-0.08
2014,-0.08
2015,-0.08
2016,-0.08
2017,-0.08
2018,-0.08
2019,-0.08
2020,-0.08
2021,-0.08
2022,-0.08
2023,-0.08
2024,-0.08
2025,-0.08
2026,-0.08
2027,-0.08
2028,-0.08
2029,-0.08
2030,-0.08
2031,-0.08
2032,-0.08
2033,-0.08
2034,-0.08
2035,-0.08
2036,-0.08
2037,-0.08
2038,-0.08
2039,-0.08
2040,-0.08
2041,-0.08
2042,-0.08
2043,-0.08
2044,-0.08
2045,-0.08
2046,-0.08
2047,-0.08
2048,-0.08
2049,-0.08
2050,-0.08
2051,-0.08
2052,-0.08
2053,-0.08
2054,-0.08
2055,-0.08
2056,-0.08
2057,-0.08
2058,-0.08
2059,-0.08
2060,-0.08
2061,-0.08
2062,-0.08
2063,-0.08
2064,-0.08
2065,-0.08
2066,-0.08
2067,-0.08
2068,-0.08
2069,-0.08
2070,-0.08
2071,-0.08
2072,-0.08
2073,-0.08
2074,-0.08
2075,-0.08
2076,-0.08
2077,-0.08
2078,-0.08
2079,-0.08
2080,-0.08
2081,-0.08
2082,-0.08
2083,-0.08
2084,-0.08
2085,-0.08
2086,-0.08
2087,-0.08
2088,-0.08
2089,-0.08
2090,-0.08
2091,-0.08
2092,-0.08
2093,-0.08
2094,-0.08
2095,-0.08
2096,-0.08
2097,-0.08
2098,-0.08
2099,-0.08
2100,-0.08
2101,-0.08
2102,-0.08
2103,-0.08
2104,-0.08
2105,-0.08
2106,-0.08
2107,-0.08
2108,-0.08
2109,-0.08
2110,-0.08
2111,-0.08
2112,-0.08
2113,-0.08
2114,-0.08
2115,-0.08
2116,-0.08
2117,-0.08
2118,-0.08
2119,-0.08
2120,-0.08
2121,-0.08
2122,-0.08
2123,-0.08
2124,-0.08
2125,-0.08
2126,-0.08
2127,-0.08
2128,-0.08
2129,-0.08
2130,-0.08
2131,-0.08
2132,-0.08
2133,-0.08
2134,-0.08
2135,-0.08
2136,-0.08
2137,-0.08
2138,-0.08
2139,-0.08
2140,-0.08
2141,-0.08
2142,-0.08
2143,-0.08
2144,-0.08
2145,-0.08
2146,-0.08
2147,-0.08
2148,-0.08
2149,-0.08
2150,-0.08
2151,-0.08
2152,-0.08
2153,-0.08
2154,-0.08
2155,-0.08
2156,-0.08
2157,-0.08
2158,-0.08
2159,-0.08
2160,-0.08
2161,-0.08
2162,-0.08
2163,-0.08
2164,-0.08
2165,-0.08
2166,-0.08
2167,-0.08
2168,-0.08
2169,-0.08
2170,-0.08
2171,-0.08
2172,-0.08
2173,-0.08
2174,-0.08
2175,-0.08
2176,-0.08
2177,-0.08
2178,-0.08
2179,-0.08
2180,-0.08
2181,-0.08
2182,-0.08
2183,-0.08
2184,-0.08
2185,-0.08
2186,-0.08
2187,-0.08
2188,-0.08
2189,-0.08
2190,-0.08
2191,-0.08
2192,-0.08
2193,-0.08
2194,-0.08
2195,-0.08
2196,-0.08
2197,-0.08
2198,-0.08
2199,-0.08
2200,-0.08
2201,-0.08
2202,-0.35
2203,-0.35
2204,-0.35
2205,-0.35
2206,-0.35
2207,-0.35
2208,-0.35
2209,-0.35
2210,-0.35
2211,-0.35
2212,-0.35
2213,-0.35
2214,-0.35
2215,-0.35
2216,-0.35
2217,-0.35
2218,-0.35
2219,-0.35
2220,-0.35
2221,-0.35
2222,-0.35
2223,-0.35
2224,-0.35
2225,-0.35
2226,-0.35
2227,-0.35
2228,-0.35
2229,-0.35
2230,-0.35
2231,-0.35
2232,-0.35
2233,-0.35
2234,-0.35
2235,-0.35
2236,-0.35
2237,-0.35
2238,-0.35
2239,-0.35
2240,-0.35
2241,-0.35
2242,-0.35
2243,-0.35
2244,-0.35
2245,-0.35
2246,-0.35
2247,-0.35
2248,-0.35
2249,-0.35
2250,-0.35
2251,-0.35
2252,-0.35
2253,-0.35
2254,-0.35
2255,-0.35
2256,-0.35
2257,-0.35
2258,-0.35
2259,-0.35
2260,-0.35
2261,-0.35
2262,-0.35
2263,-0.35
2264,-0.35
2265,-0.35
2266,-0.35
2267,-0.35
2268,-0.35
2269,-0.35
2270,-0.35
2271,-0.35
2272,-0.35
2273,-0.35
2274,-0.35
2275,-0.35
2276,-0.35
2277,-0.35
2278,-0.35
2279,-0.35
2280,-0.35
2281,-0.35
2282,-0.35
2283,-0.35
2284,-0.35
2285,-0.35
2286,-0.35
2287,-0.35
2288,-0.35
2289,-0.35
2290,-0.35
2291,-0.35
2292,-0.35
2293,-0.35
2294,-0.35
2295,-0.35
2296,-0.35
2297,-0.35
2298,-0.35
2299,-0.35
2300,-0.35
2301,-0.35
2302,-0.35
2303,-0.35
2304,-0.35
2305,-0.35
2306,-0.35
2307,-0.35
2308,-0.35
2309,-0.35
2310,-0.35
2311,-0.35
2312,-0.35
2313,-0.35
2314,-0.35
2315,-0.35
2316,-0.35
2317,-0.35
2318,-0.35
2319,-0.35
2320,-0.35
2321,-0.35
2322,-0.35
2323,-0.35
2324,-0.35
2325,-0.35
2326,-0.35
2327,-0.35
2328,-0.35
2329,-0.35
2330,-0.35
2331,-0.35
2332,-0.35
2333,-0.35
2334,-0.35
2335,-0.35
2336,-0.35
2337,-0.35
2338,-0.35
2339,-0.35
2340,-0.35
2341,-0.35
2342,-0.35
2343,-0.35
2344,-0.35
2345,-0.35
2346,-0.35
2347,-0.35
2348,-0.35
2349,-0.35
2350,-0.35
2351,-0.35
2352,-0.35
2353,-0.35
2354,-0.35
2355,-0.35
2356,-0.35
2357,-0.35
2358,-0.35
2359,-0.35
2360,-0.35
2361,-0.35
2362,-0.35
2363,-0.35
2364,-0.35
2365,-0.35
2366,-0.35
2367,-0.35
2368,-0.35
2369,-0.35
2370,-0.35
2371,-0.35
2372,-0.35
2373,-0.35
2374,-0.35
2375,-0.35
2376,-0.35
2377,-0.35
2378,-0.35
2379,-0.35
2380,-0.35
2381,-0.35
2382,-0.35
2383,-0.35
2384,-0.35
2385,-0.35
2386,-0.35
2387,-0.35
2388,-0.35
2389,-0.35
2390,-0.35
2391,-0.35
2392,-0.35
2393,-0.35
2394,-0.35
2395,-0.35
2396,-0.35
2397,-0.35
2398,-0.35
2399,-0.35
2400,-0.35
2401,-0.35
2402,-0.35
2403,-0.35
2404,-0.35
2405,-0.35
2406,-0.35
2407,-0.35
2408,-0.35
2409,-0.35
2410,-0.35
2411,-0.35
2412,-0.35
2413,-0.35
2414,-0.35
2415,-0.35
2416,-0.35
2417,-0.35
2418,-0.35
2419,-0.35
2420,-0.35
2421,-0.35
2422,-0.35
2423,-0.35
2424,-0.35
2425,-0.35
2426,-0.35
2427,-0.35
2428,-0.35
2429,-0.35
2430,-0.35
2431,-0.35
2432,-0.35
2433,-0.35
2434,-0.35
2435,-0.35
2436,-0.35
2437,-0.35
2438,-0.35
2439,-0.35
2440,-0.35
2441,-0.35
2442,-0.35
2443,-0.35
2444,-0.35
2445,-0.35
2446,-0.35
2447,-0.35
2448,-0.35
2449,-0.35
2450,-0.35
2451,-0.35
2452,-0.35
2453,-0.35
2454,-0.35
2455,-0.35
2456,-0.35
2457,-0.35
2458,-0.35
2459,-0.35
2460,-0.35
2461,-0.35
2462,-1.01
2463,-1.01
2464,-1.01
2465,-1.01
2466,-1.01
2467,-1.01
2468,-1.01
2469,-1.01
2470,-1.01
2471,-1.01
2472,-1.01
2473,-1.01
2474,-1.01
2475,-1.01
2476,-1.01
2477,-1.01
2478,-1.01
2479,-1.01
2480,-1.01
2481,-1.01
2482,-1.01
2483,-1.01
2484,-1.01
2485,-1.01
2486,-1.01
2487,-1.01
2488,-1.01
2489,-1.01
2490,-1.01
2491,-1.01
2492,-1.01
2493,-1.01
2494,-1.01
2495,-1.01
2496,-1.01
2497,-1.01
2498,-1.01
2499,-1.01
2500,-1.01
2501,-1.01
2502,-1.01
2503,-1.01
2504,-1.01
2505,-1.01
2506,-1.01
2507,-1.01
2508,-1.01
2509,-1.01
2510,-1.01
2511,-1.01
2512,-1.01
2513,-1.01
2514,-1.01
2515,-1.01
2516,-1.01
2517,-1.01
2518,-1.01
2519,-1.01
2520,-1.01
2521,-1.01
2522,-1.01
2523,-1.01
2524,-1.01
2525,-1.01
2526,-1.01
2527,-1.01
2528,-1.01
2529,-1.01
2530,-1.01
2531,-1.01
2532,-1.01
2533,-1.01
2534,-1.01
2535,-1.01
2536,-1.01
2537,-1.01
2538,-1.01
2539,-1.01
2540,-1.01
2541,-1.01
2542,-1.01
2543,-1.01
2544,-1.01
2545,-1.01
2546,-1.01
2547,-1.01
2548,-1.01
2549,-1.01
2550,-1.01
2551,-1.01
2552,-1.01
2553,-1.01
2554,-1.01
2555,-1.01
2556,-1.01
2557,-1.01
2558,-1.01
2559,-1.01
2560,-1.01
2561,-1.01
2562,-1.01
2563,-1.01
2564,-1.01
2565,-1.01
2566,-1.01
2567,-1.01
2568,-1.01
2569,-1.01
2570,-1.01
2571,-1.01
2572,-1.01
2573,-1.01
2574,-1.01
2575,-1.01
2576,-1.01
2577,-1.01
2578,-1.01
2579,-1.01
2580,-1.01
2581,-1.01
2582,-1.01
2583,-1.01
2584,-1.01
2585,-1.01
2586,-1.01
2587,-1.01
2588,-1.01
2589,-1.01
2590,-1.01
2591,-1.01
2592,-1.01
2593,-1.01
2594,-1.01
2595,-1.01
2596,-1.01
2597,-1.01
2598,-1.01
2599,-1.01
2600,-1.01
2601,-1.01
2602,-1.01
2603,-1.01
2604,-1.01
2605,-1.01
2606,-1.01
2607,-1.01
2608,-1.01
2609,-1.01
2610,-1.01
2611,-1.01
2612,-1.01
2613,-1.01
2614,-1.01
2615,-1.01
2616,-1.01
2617,-1.01
2618,-1.01
2619,-1.01
2620,-1.01
2621,-1.01
2622,-1.01
2623,-1.01
2624,-1.01
2625,-1.01
2626,-1.01
2627,-1.01
2628,-1.01
2629,-1.01
2630,-1.01
2631,-1.01
2632,-1.01
2633,-1.01
2634,-1.01
2635,-1.01
2636,-1.01
2637,-1.01
2638,-1.01
2639,-1.01
2640,-1.01
2641,-1.01
2642,-1.01
2643,-1.01
2644,-1.01
2645,-1.01
2646,-1.01
2647,-1.01
2648,-1.01
2649,-1.01
2650,-1.01
2651,-1.01
2652,-1.01
2653,-1.01
2654,-1.01
2655,-1.01
2656,-1.01
2657,-1.01
2658,-1.01
2659,-1.01
2660,-1.01
2661,-1.01
2662,-1.01
2663,-1.01
2664,-1.01
2665,-1.01
2666,-1.01
2667,-1.01
2668,-1.01
2669,-1.01
2670,-1.01
2671,-1.01
2672,-1.01
2673,-1.01
2674,-1.01
2675,-1.01
2676,-1.01
2677,-1.01
2678,-1.01
2679,-1.01
2680,-1.01
2681,-1.01
2682,-1.01
2683,-1.01
2684,-1.01
2685,-1.01
2686,-1.01
2687,-1.01
2688,-1.01
2689,-1.01
2690,-1.01
2691,-1.01
2692,-1.01
2693,-1.01
2694,-1.01
2695,-1.01
2696,-1.01
2697,-1.01
2698,-1.01
2699,-1.01
2700,-1.01
2701,-1.01
2702,-1.01
2703,-1.01
2704,-1.01
2705,-1.01
2706,-1.01
2707,-1.01
2708,-1.01
2709,-1.01
2710,-1.01
2711,-1.01
2712,-1.01
2713,-1.01
2714,-1.01
2715,-1.01
2716,-1.01
2717,-1.01
2718,-1.01
2719,-1.01
2720,-1.01
2721,-1.01
2722,-1.01
2723,-1.01
2724,-1.01
2725,-1.01
2726,-1.01
2727,-1.01
2728,-1.01
2729,-1.01
2730,-1.01
2731,-1.01
2732,-1.01
2733,-1.01
2734,-1.01
2735,-1.01
2736,-1.01
2737,-1.01
2738,-1.01
2739,-1.01
2740,-1.01
2741,-1.01
2742,-1.01
2743,-1.01
2744,-1.01
2745,-1.01
2746,-1.01
2747,-1.01
2748,-1.01
2749,-1.01
2750,-1.01
2751,-1.01
2752,-1.01
2753,-1.01
2754,-1.01
2755,-1.01
2756,-1.01
2757,-1.01
2758,-1.01
2759,-1.01
2760,-1.01
2761,-1.01
2762,-1.01
2763,-1.01
2764,-1.01
2765,-1.01
2766,-1.01
2767,-1.01
2768,-1.01
2769,-1.01
2770,-1.01
2771,-1.01
2772,-1.01
2773,-1.01
2774,-1.01
2775,-1.01
2776,-1.01
2777,-1.01
2778,-1.01
2779,-1.01
2780,-1.01
2781,-1.01
2782,-1.01
2783,-1.01
2784,-1.01
2785,-1.01
2786,-1.01
2787,-2.46
2788,-2.46
2789,-2.46
2790,-2.46
2791,-2.46
2792,-2.46
2793,-2.46
2794,-2.46
2795,-2.46
2796,-2.46
2797,-2.46
2798,-2.46
2799,-2.46
2800,-2.46
2801,-2.46
2802,-2.46
2803,-2.46
2804,-2.46
2805,-2.46
2806,-2.46
2807,-2.46
2808,-2.46
2809,-2.46
2810,-2.46
2811,-2.46
2812,-2.46
2813,-2.46
2814,-2.46
2815,-2.46
2816,-2.46
2817,-2.46
2818,-2.46
2819,-2.46
2820,-2.46
2821,-2.46
2822,-2.46
2823,-2.46
2824,-2.46
2825,-2.46
2826,-2.46
2827,-2.46
2828,-2.46
2829,-2.46
2830,-2.46
2831,-2.46
2832,-2.46
2833,-2.46
2834,-2.46
2835,-2.46
2836,-2.46
2837,-2.46
2838,-2.46
2839,-2.46
2840,-2.46
2841,-2.46
2842,-2.46
2843,-2.46
2844,-2.46
2845,-2.46
2846,-2.46
2847,-2.46
2848,-2.46
2849,-2.46
2850,-2.46
2851,-2.46
2852,-2.46
2853,-2.46
2854,-2.46
2855,-2.46
2856,-2.46
2857,-2.46
2858,-2.46
2859,-2.46
2860,-2.46
2861,-2.46
2862,-2.46
2863,-2.46
2864,-2.46
2865,-2.46
2866,-2.46
2867,-2.46
2868,-2.46
2869,-2.46
2870,-2.46
2871,-2.46
2872,-2.46
2873,-2.46
2874,-2.46
2875,-2.46
2876,-2.46
2877,-2.46
2878,-2.46
2879,-2.46
2880,-2.46
2881,-2.46
2882,-2.46
2883,-2.46
2884,-2.46
2885,-2.46
2886,-2.46
2887,-2.46
2888,-2.46
2889,-2.46
2890,-2.46
2891,-2.46
2892,-2.46
2893,-2.46
2894,-2.46
2895,-2.46
2896,-2.46
2897,-2.46
2898,-2.46
2899,-2.46
2900,-2.46
2901,-2.46
2902,-2.46
2903,-2.46
2904,-2.46
2905,-2.46
2906,-2.46
2907,-2.46
2908,-2.46
2909,-2.46
2910,-2.46
2911,-2.46
2912,-2.46
2913,-2.46
2914,-2.46
2915,-2.46
2916,-2.46
2917,-2.46
2918,-2.46
2919,-2.46
2920,-2.46
2921,-2.46
2922,-2.46
2923,-2.46
2924,-2.46
2925,-2.46
2926,-2.46
2927,-2.46
2928,-2.46
2929,-2.46
2930,-2.46
2931,-2.46
2932,-2.46
2933,-2.46
2934,-2.46
2935,-2.46
2936,-2.46
2937,-2.46
2938,-2.46
2939,-2.46
2940,-2.46
2941,-2.46
2942,-2.46
2943,-2.46
2944,-2.46
2945,-2.46
2946,-2.46
2947,-2.46
2948,-2.46
2949,-2.46
2950,-2.46
2951,-2.46
2952,-2.46
2953,-2.46
2954,-2.46
2955,-2.46
2956,-2.46
2957,-2.46
2958,-2.46
2959,-2.46
2960,-2.46
2961,-2.46
2962,-2.46
2963,-2.46
2964,-2.46
2965,-2.46
2966,-2.46
2967,-2.46
2968,-2.46
2969,-2.46
2970,-2.46
2971,-2.46
2972,-2.46
2973,-2.46
2974,-2.46
2975,-2.46
2976,-2.46
2977,-2.46
2978,-2.46
2979,-2.46
2980,-2.46
2981,-2.46
2982,-2.46
2983,-2.46
2984,-2.46
2985,-2.46
2986,-2.46
2987,-2.46
2988,-2.46
2989,-2.46
2990,-2.46
2991,-2.46
2992,-2.46
2993,-2.46
2994,-2.46
2995,-2.46
2996,-2.46
2997,-2.46
2998,-2.46
2999,-2.46
3000,-2.46
3001,-2.46
3002,-2.46
3003,-2.46
3004,-2.46
3005,-2.46
3006,-2.46
3007,-2.46
3008,-2.46
3009,-2.46
3010,-2.46
3011,-2.46
3012,-2.46
3013,-2.46
3014,-2.46
3015,-2.46
3016,-2.46
3017,-2.46
3018,-2.46
3019,-2.46
3020,-2.46
3021,-2.46
3022,-2.46
3023,-2.46
3024,-2.46
3025,-2.46
3026,-2.46
3027,-2.46
3028,-2.46
3029,-2.46
3030,-2.46
3031,-2.46
3032,-2.46
3033,-2.46
3034,-2.46
3035,-2.46
3036,-2.46
3037,-2.46
3038,-2.46
3039,-2.46
3040,-2.46
3041,-2.46
3042,-2.46
3043,-2.46
3044,-2.46
3045,-2.46
3046,-2.46
3047,-2.46
3048,-2.46
3049,-2.46
3050,-2.46
3051,-2.46
3052,-2.46
3053,-2.46
3054,-2.46
3055,-2.46
3056,-2.46
3057,-2.46
3058,-2.46
3059,-2.46
3060,-2.46
3061,-2.46
3062,-2.46
3063,-2.46
3064,-2.46
3065,-2.46
3066,-2.46
3067,-2.46
3068,-2.46
3069,-2.46
3070,-2.46
3071,-2.46
3072,-2.46
3073,-2.46
3074,-2.46
3075,-2.46
3076,-2.46
3077,-2.46
3078,-2.46
3079,-2.46
3080,-2.46
3081,-2.46
3082,-2.46
3083,-2.46
3084,-2.46
3085,-2.46
3086,-2.46
3087,-2.46
3088,-2.46
3089,-2.46
3090,-2.46
3091,-2.46
3092,-2.46
3093,-2.46
3094,-2.46
3095,-2.46
3096,-2.46
3097,-2.46
3098,-2.46
3099,-2.46
3100,-2.46
3101,-2.46
3102,-2.46
3103,-2.46
3104,-2.46
3105,-2.46
3106,-2.46
3107,-2.46
3108,-2.46
3109,-2.46
3110,-2.46
3111,-2.46
3112,-2.46
3113,-2.46
3114,-2.46
3115,-2.46
3116,-2.46
3117,-2.46
3118,-2.46
3119,-2.46
3120,-2.46
3121,-2.46
3122,-2.46
3123,-2.46
3124,-2.46
3125,-2.46
3126,-2.46
3127,-2.46
3128,-2.46
3129,-2.46
3130,-2.46
3131,-2.46
3132,-2.46
3133,-2.46
3134,-2.46
3135,-2.46
3136,-2.46
3137,-2.46
3138,-2.46
3139,-2.46
3140,-2.46
3141,-2.46
3142,-2.46
3143,-2.46
3144,-2.46
3145,-2.46
3146,-2.46
3147,-2.46
3148,-2.46
3149,-2.46
3150,-2.46
3151,-2.46
3152,-2.46
3153,-2.46
3154,-2.46
3155,-2.46
3156,-2.46
3157,-2.46
3158,-4.19
3159,-4.19
3160,-4.19
3161,-4.19
3162,-4.19
3163,-4.19
3164,-4.19
3165,-4.19
3166,-4.19
3167,-4.19
3168,-4.19
3169,-4.19
3170,-4.19
3171,-4.19
3172,-4.19
3173,-4.19
3174,-4.19
3175,-4.19
3176,-4.19
3177,-4.19
3178,-4.19
3179,-4.19
3180,-4.19
3181,-4.19
3182,-4.19
3183,-4.19
3184,-4.19
3185,-4.19
3186,-4.19
3187,-4.19
3188,-4.19
3189,-4.19
3190,-4.19
3191,-4.19
3192,-4.19
3193,-4.19
3194,-4.19
3195,-4.19
3196,-4.19
3197,-4.19
3198,-4.19
3199,-4.19
3200,-4.19
3201,-4.19
3202,-4.19
3203,-4.19
3204,-4.19
3205,-4.19
3206,-4.19
3207,-4.19
3208,-4.19
3209,-4.19
3210,-4.19
3211,-4.19
3212,-4.19
3213,-4.19
3214,-4.19
3215,-4.19
3216,-4.19
3217,-4.19
3218,-4.19
3219,-4.19
3220,-4.19
3221,-4.19
3222,-4.19
3223,-4.19
3224,-4.19
3225,-4.19
3226,-4.19
3227,-4.19
3228,-4.19
3229,-4.19
3230,-4.19
3231,-4.19
3232,-4.19
3233,-4.19
3234,-4.19
3235,-4.19
3236,-4.19
3237,-4.19
3238,-4.19
3239,-4.19
3240,-4.19
3241,-4.19
3242,-4.19
3243,-4.19
3244,-4.19
3245,-4.19
3246,-4.19
3247,-4.19
3248,-4.19
3249,-4.19
3250,-4.19
3251,-4.19
3252,-4.19
3253,-4.19
3254,-4.19
3255,-4.19
3256,-4.19
3257,-4.19
3258,-4.19
3259,-4.19
3260,-4.19
3261,-4.19
3262,-4.19
3263,-4.19
3264,-4.19
3265,-4.19
3266,-4.19
3267,-4.19
3268,-4.19
3269,-4.19
3270,-4.19
3271,-4.19
3272,-4.19
3273,-4.19
3274,-4.19
3275,-4.19
3276,-4.19
3277,-4.19
3278,-4.19
3279,-4.19
3280,-4.19
3281,-4.19
3282,-4.19
3283,-4.19
3284,-4.19
3285,-4.19
3286,-4.19
3287,-4.19
3288,-4.19
3289,-4.19
3290,-4.19
3291,-4.19
3292,-4.19
3293,-4.19
3294,-4.19
3295,-4.19
3296,-4.19
3297,-4.19
3298,-4.19
3299,-4.19
3300,-4.19
3301,-4.19
3302,-4.19
3303,-4.19
3304,-4.19
3305,-4.19
3306,-4.19
3307,-4.19
3308,-4.19
3309,-4.19
3310,-4.19
3311,-4.19
3312,-4.19
3313,-4.19
3314,-4.19
3315,-4.19
3316,-4.19
3317,-4.19
3318,-4.19
3319,-4.19
3320,-4.19
3321,-4.19
3322,-4.19
3323,-4.19
3324,-4.19
3325,-4.19
3326,-4.19
3327,-4.19
3328,-4.19
3329,-4.19
3330,-4.19
3331,-4.19
3332,-4.19
3333,-4.19
3334,-4.19
3335,-4.19
3336,-4.19
3337,-4.19
3338,-4.19
3339,-4.19
3340,-4.19
3341,-4.19
3342,-4.19
3343,-4.19
3344,-4.19
3345,-4.19
3346,-4.19
3347,-4.19
3348,-4.19
3349,-4.19
3350,-4.19
3351,-4.19
3352,-4.19
3353,-4.19
3354,-4.19
3355,-4.19
3356,-4.19
3357,-4.19
3358,-4.19
3359,-4.19
3360,-4.19
3361,-4.19
3362,-4.19
3363,-4.19
3364,-4.19
3365,-4.19
3366,-4.19
3367,-4.19
3368,-4.19
3369,-4.19
3370,-4.19
3371,-4.19
3372,-4.19
3373,-4.19
3374,-4.19
3375,-4.19
3376,-4.19
3377,-4.19
3378,-4.19
3379,-4.19
3380,-4.19
3381,-4.19
3382,-4.19
3383,-4.19
3384,-4.19
3385,-4.19
3386,-4.19
3387,-4.19
3388,-4.19
3389,-4.19
3390,-4.19
3391,-4.19
3392,-4.19
3393,-4.19
3394,-4.19
3395,-4.19
3396,-4.19
3397,-4.19
3398,-4.19
3399,-4.19
3400,-4.19
3401,-4.19
3402,-4.19
3403,-4.19
3404,-4.19
3405,-4.19
3406,-4.19
3407,-4.19
3408,-4.19
3409,-4.19
3410,-4.19
3411,-4.19
3412,-4.19
3413,-4.19
3414,-4.19
3415,-4.19
3416,-4.19
3417,-4.19
3418,-4.19
3419,-4.19
3420,-4.19
3421,-4.19
3422,-4.19
3423,-4.19
3424,-4.19
3425,-4.19
3426,-4.19
3427,-4.19
3428,-4.19
3429,-4.19
3430,-4.19
3431,-4.19
3432,-4.19
3433,-4.19
3434,-4.19
3435,-4.19
3436,-4.19
3437,-4.19
3438,-4.19
3439,-4.19
3440,-4.19
3441,-4.19
3442,-4.19
3443,-4.19
3444,-4.19
3445,-4.19
3446,-4.19
3447,-4.19
3448,-4.19
3449,-4.19
3450,-4.19
3451,-4.19
3452,-4.19
3453,-4.19
3454,-4.19
3455,-4.19
3456,-4.19
3457,-4.19
3458,-4.19
3459,-4.19
3460,-4.19
3461,-4.19
3462,-4.19
3463,-4.19
3464,-4.19
3465,-4.19
3466,-4.19
3467,-4.19
3468,-4.19
3469,-4.19
3470,-4.19
3471,-4.19
3472,-4.19
3473,-4.19
3474,-4.19
3475,-4.19
3476,-4.19
3477,-4.19
3478,-4.19
3479,-4.19
3480,-4.19
3481,-4.19
3482,-4.19
3483,-4.19
3484,-4.19
3485,-4.19
3486,-4.19
3487,-4.19
3488,-4.19
3489,-4.19
3490,-4.19
3491,-4.19
3492,-4.19
3493,-4.19
3494,-4.19
3495,-4.19
3496,-4.19
3497,-4.19
3498,-4.19
3499,-4.19
3500,-4.19
3501,-4.19
3502,-4.19
3503,-4.19
3504,-4.19
3505,-4.19
3506,-4.19
3507,-4.19
3508,-4.19
3509,-4.19
3510,-4.19
3511,-4.19
3512,-4.19
3513,-4.19
3514,-4.19
3515,-4.19
3516,-4.19
3517,-4.19
3518,-4.19
3519,-4.19
3520,-4.19
3521,-4.19
3522,-4.19
3523,-4.19
3524,-4.19
3525,-4.19
3526,-4.19
3527,-4.19
3528,-4.19
3529,-4.19
3530,-5.37
3531,-5.37
3532,-5.37
3533,-5.37
3534,-5.37
3535,-5.37
3536,-5.37
3537,-5.37
3538,-5.37
3539,-5.37
3540,-5.37
3541,-5.37
3542,-5.37
3543,-5.37
3544,-5.37
3545,-5.37
3546,-5.37
3547,-5.37
3548,-5.37
3549,-5.37
3550,-5.37
3551,-5.37
3552,-5.37
3553,-5.37
3554,-5.37
3555,-5.37
3556,-5.37
3557,-5.37
3558,-5.37
3559,-5.37
3560,-5.37
3561,-5.37
3562,-5.37
3563,-5.37
3564,-5.37
3565,-5.37
3566,-5.37
3567,-5.37
3568,-5.37
3569,-5.37
3570,-5.37
3571,-5.37
3572,-5.37
3573,-5.37
3574,-5.37
3575,-5.37
3576,-5.37
3577,-5.37
3578,-5.37
3579,-5.37
3580,-5.37
3581,-5.37
3582,-5.37
3583,-5.37
3584,-5.37
3585,-5.37
3586,-5.37
3587,-5.37
3588,-5.37
3589,-5.37
3590,-5.37
3591,-5.37
3592,-5.37
3593,-5.37
3594,-5.37
3595,-5.37
3596,-5.37
3597,-5.37
3598,-5.37
3599,-5.37
3600,-5.37
3601,-5.37
3602,-5.37
3603,-5.37
3604,-5.37
3605,-5.37
3606,-5.37
3607,-5.37
3608,-5.37
3609,-5.37
3610,-5.37
3611,-5.37
3612,-5.37
3613,-5.37
3614,-5.37
3615,-5.37
3616,-5.37
3617,-5.37
3618,-5.37
3619,-5.37
3620,-5.37
3621,-5.37
3622,-5.37
3623,-5.37
3624,-5.37
3625,-5.37
3626,-5.37
3627,-5.37
3628,-5.37
3629,-5.37
3630,-5.37
3631,-5.37
3632,-5.37
3633,-5.37
3634,-5.37
3635,-5.37
3636,-5.37
3637,-5.37
3638,-5.37
3639,-5.37
3640,-5.37
3641,-5.37
3642,-5.37
3643,-5.37
3644,-5.37
3645,-5.37
3646,-5.37
3647,-5.37
3648,-5.37
3649,-5.37
3650,-5.37
3651,-5.37
3652,-5.37
3653,-5.37
3654,-5.37
3655,-5.37
3656,-5.37
3657,-5.37
3658,-5.37
3659,-5.37
3660,-5.37
3661,-5.37
3662,-5.37
3663,-5.37
3664,-5.37
3665,-5.37
3666,-5.37
3667,-5.37
3668,-5.37
3669,-5.37
3670,-5.37
3671,-5.37
3672,-5.37
3673,-5.37
3674,-5.37
3675,-5.37
3676,-5.37
3677,-5.37
3678,-5.37
3679,-5.37
3680,-5.37
3681,-5.37
3682,-5.37
3683,-5.37
3684,-5.37
3685,-5.37
3686,-5.37
3687,-5.37
3688,-5.37
3689,-5.37
3690,-5.37
3691,-5.37
3692,-5.37
3693,-5.37
3694,-5.37
3695,-5.37
3696,-5.37
3697,-5.37
3698,-5.37
3699,-5.37
3700,-5.37
3701,-5.37
3702,-5.37
3703,-5.37
3704,-5.37
3705,-5.37
3706,-5.37
3707,-5.37
3708,-5.37
3709,-5.37
3710,-5.37
3711,-5.37
3712,-5.37
3713,-5.37
3714,-5.37
3715,-5.37
